-- phpMyAdmin SQL Dump
-- version 4.9.5deb2
-- https://www.phpmyadmin.net/
--
-- Host: localhost:3306
-- Generation Time: Dec 18, 2021 at 06:30 PM
-- Server version: 8.0.27-0ubuntu0.20.04.1
-- PHP Version: 7.4.26

SET SQL_MODE = "NO_AUTO_VALUE_ON_ZERO";
SET AUTOCOMMIT = 0;
START TRANSACTION;
SET time_zone = "+00:00";


/*!40101 SET @OLD_CHARACTER_SET_CLIENT=@@CHARACTER_SET_CLIENT */;
/*!40101 SET @OLD_CHARACTER_SET_RESULTS=@@CHARACTER_SET_RESULTS */;
/*!40101 SET @OLD_COLLATION_CONNECTION=@@COLLATION_CONNECTION */;
/*!40101 SET NAMES utf8mb4 */;

--
-- Database: `decoupage_territorial_benin`
--
CREATE DATABASE IF NOT EXISTS `decoupage_territorial_benin` DEFAULT CHARACTER SET utf8mb4 COLLATE utf8mb4_0900_ai_ci;
USE `decoupage_territorial_benin`;

-- --------------------------------------------------------

--
-- Table structure for table `departments`
--

CREATE TABLE `departments` (
  `id` int UNSIGNED NOT NULL,
  `name` varchar(255) DEFAULT NULL
) ENGINE=InnoDB DEFAULT CHARSET=utf8mb4 COLLATE=utf8mb4_0900_ai_ci;

--
-- Dumping data for table `departments`
--

INSERT INTO `departments` (`id`, `name`) VALUES
(1, 'ALIBORI'),
(2, 'ATACORA'),
(3, 'ATLANTIQUE'),
(4, 'BORGOU'),
(5, 'COLLINES'),
(6, 'COUFFO'),
(7, 'DONGA'),
(8, 'LITTORAL'),
(9, 'MONO'),
(10, 'OUEME'),
(11, 'PLATEAU'),
(12, 'ZOU');

-- --------------------------------------------------------

--
-- Table structure for table `districts`
--

CREATE TABLE `districts` (
  `id` int UNSIGNED NOT NULL,
  `name` varchar(255) NOT NULL,
  `town_id` int UNSIGNED NOT NULL
) ENGINE=InnoDB DEFAULT CHARSET=utf8mb4 COLLATE=utf8mb4_0900_ai_ci;

--
-- Dumping data for table `districts`
--

INSERT INTO `districts` (`id`, `name`, `town_id`) VALUES
(1, 'FOUNOUGO', 1),
(2, 'GOMPAROU', 1),
(3, 'GOUMORI', 1),
(4, 'KOKEY', 1),
(5, 'KOKIBOROU', 1),
(6, 'OUNET', 1),
(7, 'SOMPEROUKOU', 1),
(8, 'SOROKO', 1),
(9, 'TOURA', 1),
(10, 'BANIKOARA', 1),
(11, 'BAGOU', 2),
(12, 'GOUNAROU', 2),
(13, 'SORI', 2),
(14, 'SOUGOU-KPAN-TROSSI', 2),
(15, 'WARA', 2),
(16, 'GOGOUNOU', 2),
(17, 'ANGARADEBOU', 3),
(18, 'BENSEKOU', 3),
(19, 'DONWARI', 3),
(20, 'KASSAKOU', 3),
(21, 'SAAH', 3),
(22, 'SAM', 3),
(23, 'SONSORO', 3),
(24, 'KANDI 1', 3),
(25, 'KANDI 2', 3),
(26, 'KANDI 3', 3),
(27, 'BIRNI LAFIA', 4),
(28, 'BOGO-BOGO', 4),
(29, 'KOMPA', 4),
(30, 'MONSEY', 4),
(31, 'KARIMAMA', 4),
(32, 'GAROU', 5),
(33, 'GUENE', 5),
(34, 'MADECALI', 5),
(35, 'TOUMBOUTOU', 5),
(36, 'MALANVILLE', 5),
(37, 'LIBANTE', 6),
(38, 'LIBOUSSOU', 6),
(39, 'LOUGOU', 6),
(40, 'SOKOTINDJI', 6),
(41, 'SEGBANA', 6),
(42, 'DIPOLI', 7),
(43, 'KORONTIERE', 7),
(44, 'KOUSSOUCOINGOU', 7),
(45, 'MANTA', 7),
(46, 'NATA', 7),
(47, 'TABOTA', 7),
(48, 'BOUKOUMBE', 7),
(49, 'DATORI', 8),
(50, 'KOUNTORI', 8),
(51, 'TAPOGA', 8),
(52, 'COBLY', 8),
(53, 'BRIGNAMARO', 9),
(54, 'FIROU', 9),
(55, 'KAOBAGOU', 9),
(56, 'KEROU', 9),
(57, 'BIRNI', 10),
(58, 'CHABI-COUMA', 10),
(59, 'FOO-TANCE', 10),
(60, 'GUILMARO', 10),
(61, 'OROUKAYO', 10),
(62, 'KOUANDE', 10),
(63, 'DASSARI', 11),
(64, 'GOUANDE', 11),
(65, 'NODI', 11),
(66, 'TANTEGA', 11),
(67, 'TCHANHOUNCOSSI', 11),
(68, 'MATERI', 11),
(69, 'KOTOPOUNGA', 12),
(70, 'KOUABA', 12),
(71, 'KOUANDATA', 12),
(72, 'PERMA', 12),
(73, 'TCHOUMI-TCHOUMI', 12),
(74, 'NATITINGOU I', 12),
(75, 'NATITINGOU II', 12),
(76, 'NATITINGOU III', 12),
(77, 'PEPORIYAKOU', 12),
(78, 'GNEMASSON', 13),
(79, 'TOBRE', 13),
(80, 'PEHUNCO', 13),
(81, 'COTIAKOU', 14),
(82, 'N\'DAHONTA', 14),
(83, 'TAIACOU', 14),
(84, 'TANONGOU', 14),
(85, 'TANGUIETA', 14),
(86, 'KOUARFA', 15),
(87, 'TAMPEGRE', 15),
(88, 'TOUKOUNTOUNA', 15),
(89, 'AKASSATO', 16),
(90, 'GODOMEY', 16),
(91, 'GOLO-DJIGBE', 16),
(92, 'HEVIE', 16),
(93, 'KPANROUN', 16),
(94, 'OUEDO', 16),
(95, 'TOGBA', 16),
(96, 'ZINVIE', 16),
(97, 'ABOMEY-CALAVI', 16),
(98, 'AGBANOU', 17),
(99, 'AHOUANNONZOUN', 17),
(100, 'ATTOGON', 17),
(101, 'AVAKPA', 17),
(102, 'AYOU', 17),
(103, 'HINVI', 17),
(104, 'LISSEGAZOUN', 17),
(105, 'LON-AGONMEY', 17),
(106, 'SEKOU', 17),
(107, 'TOKPA', 17),
(108, 'ALLADA CENTRE', 17),
(109, 'TOGOUDO', 17),
(110, 'AGANMALOME', 18),
(111, 'AGBANTO', 18),
(112, 'AGONKANME', 18),
(113, 'DEDOME', 18),
(114, 'DEKANME', 18),
(115, 'SEGBEYA', 18),
(116, 'SEGBOHOUE', 18),
(117, 'TOKPA-DOME', 18),
(118, 'KPOMASSE CENTRE', 18),
(119, 'AVLEKETE', 19),
(120, 'DJEGBADJI', 19),
(121, 'GAKPE', 19),
(122, 'HOUAKPE-DAHO', 19),
(123, 'PAHOU', 19),
(124, 'SAVI', 19),
(125, 'OUIDAH I', 19),
(126, 'OUIDAH II', 19),
(127, 'OUIDAH III', 19),
(128, 'OUIDAH IV', 19),
(129, 'AHOMEY-LOKPO', 20),
(130, 'DEKANMEY', 20),
(131, 'GANVIE 1', 20),
(132, 'GANVIE 2', 20),
(133, 'HOUEDO-AGUEKON', 20),
(134, 'VEKKY', 20),
(135, 'SO-AVA', 20),
(136, 'AGUE', 21),
(137, 'COLLI', 21),
(138, 'COUSSI', 21),
(139, 'DAME', 21),
(140, 'DJANGLANME', 21),
(141, 'HOUEGBO', 21),
(142, 'KPOME', 21),
(143, 'SEHOUE', 21),
(144, 'SEY', 21),
(145, 'TOFFO', 21),
(146, 'AVAME', 22),
(147, 'AZOHOUE-ALIHO', 22),
(148, 'AZOHOUE-CADA', 22),
(149, 'TORI-CADA', 22),
(150, 'TORI-GARE', 22),
(151, 'TORI-BOSSITO', 22),
(152, 'ADJAN', 23),
(153, 'DAWE', 23),
(154, 'DJIGBE', 23),
(155, 'DODJI-BATA', 23),
(156, 'HEKANME', 23),
(157, 'KOUNDOKPOE', 23),
(158, 'SEDJE-DENOU', 23),
(159, 'SEDJE-HOUEGOUDO', 23),
(160, 'TANGBO', 23),
(161, 'YOKPO', 23),
(162, 'ZE', 23),
(163, 'BEROUBOUAY', 24),
(164, 'BOUANRI', 24),
(165, 'GAMIA', 24),
(166, 'INA', 24),
(167, 'BEMBEREKE', 24),
(168, 'BASSO', 25),
(169, 'BOUCA', 25),
(170, 'DERASSI', 25),
(171, 'DUNKASSA', 25),
(172, 'PEONGA', 25),
(173, 'KALALE', 25),
(174, 'BORI', 26),
(175, 'GBEGOUROU', 26),
(176, 'OUENOU', 26),
(177, 'SIRAROU', 26),
(178, 'N\'DALI', 26),
(179, 'BIRO', 27),
(180, 'GNONKOUROKALI', 27),
(181, 'OUENOU', 27),
(182, 'SEREKALI', 27),
(183, 'SUYA', 27),
(184, 'TASSO', 27),
(185, 'NIKKI', 27),
(186, '1ER ARRONDISSEMENT', 28),
(187, '2EME ARRONDISSEMENT', 28),
(188, '3EME ARRONDISSEMENT', 28),
(189, 'GNINSY', 29),
(190, 'GUINAGOUROU', 29),
(191, 'KPEBIE', 29),
(192, 'PANE', 29),
(193, 'SONTOU', 29),
(194, 'PERERE', 29),
(195, 'FO-BOURE', 30),
(196, 'SEKERE', 30),
(197, 'SIKKI', 30),
(198, 'SINENDE', 30),
(199, 'ALAFIAROU', 31),
(200, 'BETEROU', 31),
(201, 'GORO', 31),
(202, 'KIKA', 31),
(203, 'SANSON', 31),
(204, 'TCHATCHOU', 31),
(205, 'TCHAOUROU', 31),
(206, 'AGOUA', 32),
(207, 'AKPASSI', 32),
(208, 'ATOKOLIBE', 32),
(209, 'BOBE', 32),
(210, 'GOUKA', 32),
(211, 'KOKO', 32),
(212, 'LOUGBA', 32),
(213, 'PIRA', 32),
(214, 'BANTE', 32),
(215, 'AKOFFODJOULE', 33),
(216, 'GBAFFO', 33),
(217, 'KERE', 33),
(218, 'KPINGNI', 33),
(219, 'LEMA', 33),
(220, 'PAOUINGNAN', 33),
(221, 'SOCLOGBO', 33),
(222, 'TRE', 33),
(223, 'DASSA I', 33),
(224, 'DASSA II', 33),
(225, 'AKLAMPA', 34),
(226, 'ASSANTE', 34),
(227, 'GOME', 34),
(228, 'KPAKPAZA', 34),
(229, 'MAGOUMI', 34),
(230, 'OUEDEME', 34),
(231, 'SOKPONTA', 34),
(232, 'THIO', 34),
(233, 'ZAFFE', 34),
(234, 'GLAZOUE', 34),
(235, 'CHALLA-OGOI', 35),
(236, 'DJEGBE', 35),
(237, 'GBANLIN', 35),
(238, 'IKEMON', 35),
(239, 'KILIBO', 35),
(240, 'LAMINOU', 35),
(241, 'ODOUGBA', 35),
(242, 'TOUI', 35),
(243, 'OUESSE', 35),
(244, 'DJALLOUKOU', 36),
(245, 'DOUME', 36),
(246, 'GOBADA', 36),
(247, 'KPATABA', 36),
(248, 'LAHOTAN', 36),
(249, 'LEMA', 36),
(250, 'LOGOZOHE', 36),
(251, 'MONKPA', 36),
(252, 'OTTOLA', 36),
(253, 'OUESSE', 36),
(254, 'TCHETTI', 36),
(255, 'SAVALOU-AGA', 36),
(256, 'SAVALOU-AGBADO', 36),
(257, 'SAVALOU-ATTAKE', 36),
(258, 'BESSE', 37),
(259, 'KABOUA', 37),
(260, 'OFFE', 37),
(261, 'OKPARA', 37),
(262, 'SAKIN', 37),
(263, 'ADIDO', 37),
(264, 'BONI', 37),
(265, 'PLATEAU', 37),
(266, 'ATOMEY', 38),
(267, 'AZOVE', 38),
(268, 'DEKPO-CENTRE', 38),
(269, 'GODOHOU', 38),
(270, 'KISSAMEY', 38),
(271, 'LONKLY', 38),
(272, 'APLAHOUE', 38),
(273, 'ADJINTIMEY', 39),
(274, 'BETOUMEY', 39),
(275, 'GOHOMEY', 39),
(276, 'HOUEGAMEY', 39),
(277, 'KINKINHOUE', 39),
(278, 'KOKOHOUE', 39),
(279, 'KPOBA', 39),
(280, 'SOKOUHOUE', 39),
(281, 'DJAKOTOMEY I', 39),
(282, 'DJAKOTOMEY II', 39),
(283, 'AYOMI', 40),
(284, 'DEVE', 40),
(285, 'HONTON', 40),
(286, 'LOKOGOHOUE', 40),
(287, 'MADJRE', 40),
(288, 'TOTCHANGNI CENTRE', 40),
(289, 'TOTA', 40),
(290, 'ADJAHONME', 41),
(291, 'AHOGBEYA', 41),
(292, 'AYAHOHOUE', 41),
(293, 'DJOTTO', 41),
(294, 'HONDJIN', 41),
(295, 'LANTA', 41),
(296, 'TCHIKPE', 41),
(297, 'KLOUEKANME', 41),
(298, 'ADOUKANDJI', 42),
(299, 'AHODJINNAKO', 42),
(300, 'AHOMADEGBE', 42),
(301, 'BANIGBE', 42),
(302, 'GNIZOUNME', 42),
(303, 'HLASSAME', 42),
(304, 'LOKOGBA', 42),
(305, 'TCHITO', 42),
(306, 'TOHOU', 42),
(307, 'ZALLI', 42),
(308, 'LALO', 42),
(309, 'ADJIDO', 43),
(310, 'AVEDJIN', 43),
(311, 'DOKO', 43),
(312, 'HOUEDOGLI', 43),
(313, 'MISSINKO', 43),
(314, 'TANNOU-GOLA', 43),
(315, 'TOVIKLIN', 43),
(316, 'ALEDJO', 44),
(317, 'MANIGRI', 44),
(318, 'PENESSOULOU', 44),
(319, 'BASSILA', 44),
(320, 'ANANDANA', 45),
(321, 'PABEGOU', 45),
(322, 'SINGRE', 45),
(323, 'COPARGO', 45),
(324, 'BAREI', 46),
(325, 'BARIENOU', 46),
(326, 'BELLEFOUNGOU', 46),
(327, 'BOUGOU', 46),
(328, 'KOLOCONDE', 46),
(329, 'ONKLOU', 46),
(330, 'PARTAGO', 46),
(331, 'PELEBINA', 46),
(332, 'SEROU', 46),
(333, 'DJOUGOU I', 46),
(334, 'DJOUGOU II', 46),
(335, 'DJOUGOU III', 46),
(336, 'BADJOUDE', 47),
(337, 'KOMDE', 47),
(338, 'SEMERE 1', 47),
(339, 'SEMERE 2', 47),
(340, 'TCHALINGA', 47),
(341, 'OUAKE', 47),
(342, '1ER ARRONDISSEMENT', 48),
(343, '2EME ARRONDISSEMENT', 48),
(344, '3EME ARRONDISSEMENT', 48),
(345, '4EME ARRONDISSEMENT', 48),
(346, '5EME ARRONDISSEMENT', 48),
(347, '6EME ARRONDISSEMENT', 48),
(348, '7EME ARRONDISSEMENT', 48),
(349, '8EME ARRONDISSEMENT', 48),
(350, '9EME ARRONDISSEMENT', 48),
(351, '10EME ARRONDISSEMENT', 48),
(352, '11EME ARRONDISSEMENT', 48),
(353, '12EME ARRONDISSEMENT', 48),
(354, '13EME ARRONDISSEMENT', 48),
(355, 'ADOHOUN', 49),
(356, 'ATCHANNOU', 49),
(357, 'DEDEKPOE', 49),
(358, 'KPINNOU', 49),
(359, 'ATHIEME', 49),
(360, 'AGBODJI', 50),
(361, 'BADAZOUIN', 50),
(362, 'GBAKPODJI', 50),
(363, 'LOBOGO', 50),
(364, 'POSSOTOME', 50),
(365, 'YEGODOE', 50),
(366, 'BOPA', 50),
(367, 'AGATOGBO', 51),
(368, 'AKODEHA', 51),
(369, 'OUEDEME-PEDAH', 51),
(370, 'OUMAKO', 51),
(371, 'COME', 51),
(372, 'ADJAHA', 52),
(373, 'AGOUE', 52),
(374, 'AVLO', 52),
(375, 'DJANGLANMEY', 52),
(376, 'GBEHOUE', 52),
(377, 'SAZUE', 52),
(378, 'GRAND-POPO', 52),
(379, 'DAHE', 53),
(380, 'DOUTOU', 53),
(381, 'HONHOUE', 53),
(382, 'ZOUNGBONOU', 53),
(383, 'HOUEYOGBE', 53),
(384, 'SE', 53),
(385, 'AGAME', 54),
(386, 'HOUIN', 54),
(387, 'KOUDO', 54),
(388, 'OUEDEME-ADJA', 54),
(389, 'LOKOSSA', 54),
(390, 'AGLOGBE', 55),
(391, 'HONVIE', 55),
(392, 'MALANHOUI', 55),
(393, 'MEDEDJONOU', 55),
(394, 'ADJARRA 1', 55),
(395, 'ADJARRA 2', 55),
(396, 'AKPADANOU', 56),
(397, 'AWONOU', 56),
(398, 'AZOWLISSE', 56),
(399, 'DEME', 56),
(400, 'GANGBAN', 56),
(401, 'KODE', 56),
(402, 'TOGBOTA', 56),
(403, 'ADJOHOUN', 56),
(404, 'AVAGBODJI', 57),
(405, 'HOUEDOME', 57),
(406, 'ZOUNGAME', 57),
(407, 'GOME-SOTA', 58),
(408, 'KATAGON', 58),
(409, 'VAKON', 58),
(410, 'ZOUNGBOME', 58),
(411, 'AKPRO-MISSERETE', 58),
(412, 'ATCHOUKPA', 59),
(413, 'DJOMON', 59),
(414, 'GBOZOUME', 59),
(415, 'KOUTI', 59),
(416, 'OUANHO', 59),
(417, 'SADO', 59),
(418, 'AVRANKOU', 59),
(419, 'AFFAME', 60),
(420, 'ATCHONSA', 60),
(421, 'DAME-WOGON', 60),
(422, 'HOUNVIGUE', 60),
(423, 'BONOU', 60),
(424, 'DEKIN', 61),
(425, 'GBEKO', 61),
(426, 'HOUEDOMEY', 61),
(427, 'HOZIN', 61),
(428, 'KESSOUNOU', 61),
(429, 'ZOUNGUE', 61),
(430, 'DANGBO', 61),
(431, '1ER ARRONDISSEMENT', 62),
(432, '2EME ARRONDISSEMENT', 62),
(433, '3EME ARRONDISSEMENT', 62),
(434, '4EME ARRONDISSEMENT', 62),
(435, '5EME ARRONDISSEMENT', 62),
(436, 'AGBLANGANDAN', 63),
(437, 'AHOLOUYEME', 63),
(438, 'DJEREGBE', 63),
(439, 'EKPE', 63),
(440, 'TOHOUE', 63),
(441, 'SEME-PODJI', 63),
(442, 'IKPINLE', 64),
(443, 'KPOULOU', 64),
(444, 'MASSE', 64),
(445, 'OKO-AKARE', 64),
(446, 'TATONNONKON', 64),
(447, 'ADJA-OUERE', 64),
(448, 'BANIGBE', 65),
(449, 'DAAGBE', 65),
(450, 'KO-KOUMOLOU', 65),
(451, 'LAGBE', 65),
(452, 'TCHAADA', 65),
(453, 'IFANGNI', 65),
(454, 'ADAKPLAME', 66),
(455, 'IDIGNY', 66),
(456, 'KPANKOU', 66),
(457, 'ODOMETA', 66),
(458, 'OKPOMETA', 66),
(459, 'KETOU', 66),
(460, 'AHOYEYE', 67),
(461, 'IGANA', 67),
(462, 'ISSABA', 67),
(463, 'TOWE', 67),
(464, 'POBE', 67),
(465, 'AGUIDI', 68),
(466, 'ITA-DJEBOU', 68),
(467, 'TAKON', 68),
(468, 'YOKO', 68),
(469, 'SAKETE 1', 68),
(470, 'SAKETE 2', 68),
(471, 'AGBOKPA', 69),
(472, 'DETOHOU', 69),
(473, 'SEHOUN', 69),
(474, 'ZOUNZONME', 69),
(475, 'DJEGBE', 69),
(476, 'HOUNLI', 69),
(477, 'VIDOLE', 69),
(478, 'ADANHONDJIGO', 70),
(479, 'ADINGNIGON', 70),
(480, 'KINTA', 70),
(481, 'KPOTA', 70),
(482, 'LISSAZOUNME', 70),
(483, 'SAHE', 70),
(484, 'SINWE', 70),
(485, 'TANVE', 70),
(486, 'ZOUNGOUNDO', 70),
(487, 'AGBANGNIZOUN', 70),
(488, 'AGONGOINTO', 71),
(489, 'AVOGBANNA', 71),
(490, 'GNIDJAZOUN', 71),
(491, 'LISSEZOUN', 71),
(492, 'OUASSAHO', 71),
(493, 'PASSAGON', 71),
(494, 'SACLO', 71),
(495, 'SODOHOME', 71),
(496, 'BOHICON I', 71),
(497, 'BOHICON II', 71),
(498, 'HOUEKO', 72),
(499, 'ADOGBE', 72),
(500, 'GOUNLI', 72),
(501, 'HOUIN-HOUNSO', 72),
(502, 'LAINTA-COGBE', 72),
(503, 'NAOGON', 72),
(504, 'SOLI', 72),
(505, 'ZOGBA', 72),
(506, 'AGONDJI', 73),
(507, 'AGOUNA', 73),
(508, 'DAN', 73),
(509, 'DOHOUIME', 73),
(510, 'GOBAIX', 73),
(511, 'HOUTO', 73),
(512, 'MONSOUROU', 73),
(513, 'MOUGNON', 73),
(514, 'OUMBEGAME', 73),
(515, 'SETTO', 73),
(516, 'ZOUNKON', 73),
(517, 'DJIDJA CENTRE', 73),
(518, 'DASSO', 74),
(519, 'SAGON', 74),
(520, 'TOHOUES', 74),
(521, 'OUINHI CENTRE', 74),
(522, 'AGONLIN-HOUEGBO', 75),
(523, 'BANAME', 75),
(524, 'DON-TAN', 75),
(525, 'DOVI', 75),
(526, 'KPEDEKPO', 75),
(527, 'ZAGNANADO CENTRE', 75),
(528, 'ALLAHE', 76),
(529, 'ASSANLIN', 76),
(530, 'HOUNGOME', 76),
(531, 'KPAKPAME', 76),
(532, 'KPOZOUN', 76),
(533, 'ZA-TANTA', 76),
(534, 'ZEKO', 76),
(535, 'ZA-KPOTA', 76),
(536, 'AKIZA', 77),
(537, 'AVLAME', 77),
(538, 'CANA I', 77),
(539, 'CANA II', 77),
(540, 'DOME', 77),
(541, 'KOUSSOUKPA', 77),
(542, 'KPOKISSA', 77),
(543, 'MASSI', 77),
(544, 'TANWE-HESSOU', 77),
(545, 'ZOUKOU', 77),
(546, 'ZOGBODOMEY CENTRE', 77);

-- --------------------------------------------------------

--
-- Table structure for table `neighborhoods`
--

CREATE TABLE `neighborhoods` (
  `id` int UNSIGNED NOT NULL,
  `name` varchar(255) NOT NULL,
  `district_id` int UNSIGNED NOT NULL
) ENGINE=InnoDB DEFAULT CHARSET=utf8mb4 COLLATE=utf8mb4_0900_ai_ci;

--
-- Dumping data for table `neighborhoods`
--

INSERT INTO `neighborhoods` (`id`, `name`, `district_id`) VALUES
(1, 'BOFOUNOU', 1),
(2, 'FOUNOUGO-BOUTERA', 1),
(3, 'FOUNOUGO-GAH', 1),
(4, 'FOUNOUGO-GOROBANI', 1),
(5, 'GAMA', 1),
(6, 'GAMERE-ZONGO', 1),
(7, 'GOUGNIROU', 1),
(8, 'GOUGNIROU-GAH', 1),
(9, 'IBOTO', 1),
(10, 'IGRIGOU', 1),
(11, 'KANDEROU', 1),
(12, 'KANDEROU-KOTCHERA', 1),
(13, 'KONEY', 1),
(14, 'KPAKO-GBABI', 1),
(15, 'POGOUSSOROU', 1),
(16, 'SAMPETO', 1),
(17, 'SISSIANGANROU', 1),
(18, 'YANGUERI', 1),
(19, 'YINYINPOGOU', 1),
(20, 'BONHANROU', 2),
(21, 'GNAMBANOU', 2),
(22, 'GOMPAROU', 2),
(23, 'GOMPAROU GOUSSINROU', 2),
(24, 'GOMPAROU-GOKPADOU', 2),
(25, 'GOURE-EDE', 2),
(26, 'KALI', 2),
(27, 'KPESSANROU', 2),
(28, 'NIEKOUBANTA', 2),
(29, 'PAMPIME', 2),
(30, 'SIONKPEKOKA', 2),
(31, 'TIGANSON', 2),
(32, 'YOSSINANDE', 2),
(33, 'BONNI', 3),
(34, 'BONTE', 3),
(35, 'DOMBOURE', 3),
(36, 'DOMBOURE-GAH', 3),
(37, 'DONDAGOU', 3),
(38, 'GBANGBANGA', 3),
(39, 'GBASSA', 3),
(40, 'GOUMORI-BAYEDOU', 3),
(41, 'GOUMORI-GAH', 3),
(42, 'GOUMORI-GBISSAROU', 3),
(43, 'MONDOUKOKA', 3),
(44, 'MONDOUKOKA-GAH', 3),
(45, 'SAKASSINNOU', 3),
(46, 'SATOUBA', 3),
(47, 'TIHOURE', 3),
(48, 'GAMAROU', 4),
(49, 'KOKEY-FILO', 4),
(50, 'KOKEY-SINAKPAROU', 4),
(51, 'NIMBERE', 4),
(52, 'PIGUIRE', 4),
(53, 'SONWARI', 4),
(54, 'YAMBEROU', 4),
(55, 'BONKERE', 5),
(56, 'GUINNINGOU-GAH', 5),
(57, 'KOKIBOROU', 5),
(58, 'SIRIKOU', 5),
(59, 'SOUNSOUN', 5),
(60, 'BONIKI', 6),
(61, 'KIHOUHOU', 6),
(62, 'KPEBOROGOU', 6),
(63, 'OUNET-GAH', 6),
(64, 'OUNET-SEKOGBAOUROU', 6),
(65, 'OUNET-SINAKPAROU', 6),
(66, 'SONNOU', 6),
(67, 'SONNOU-GAH', 6),
(68, 'BONYANGOU', 7),
(69, 'BOURIN', 7),
(70, 'GNANDAROU', 7),
(71, 'KEGAMOROU', 7),
(72, 'POTO', 7),
(73, 'POTO-GAH', 7),
(74, 'SIMPEROU', 7),
(75, 'SIMPEROU-GAH', 7),
(76, 'SOMPEROUKOU-GAH', 7),
(77, 'SOMPEROUKOU-GBESSARA', 7),
(78, 'SOMPEROUKOU-YOROUNON', 7),
(79, 'GBENIKI', 8),
(80, 'MEKROU', 8),
(81, 'SOROKO', 8),
(82, 'SOROKO GAH', 8),
(83, 'SOROKO YOROUNON', 8),
(84, 'SOUDOU', 8),
(85, 'ATABENOU', 9),
(86, 'GNAMBOURANKOROU', 9),
(87, 'GUIMBAGOU', 9),
(88, 'KAKOUROGOU', 9),
(89, 'SIWOUGOUROU', 9),
(90, 'TINTINMOU', 9),
(91, 'TINTINMOU-GAH', 9),
(92, 'TOURA GAH', 9),
(93, 'TOURA-BIO N\'WOROU', 9),
(94, 'TOURA-YOKPAROU', 9),
(95, 'ARBONGA', 10),
(96, 'AVIATION', 10),
(97, 'BATRAN', 10),
(98, 'DEMANOU', 10),
(99, 'DEROU GAROU', 10),
(100, 'GLEGBABI', 10),
(101, 'GUIGUIRI', 10),
(102, 'KINGAROU', 10),
(103, 'KOKIRE', 10),
(104, 'KOMMON', 10),
(105, 'KORI GUIGUIRI', 10),
(106, 'KPAGAGUEDOU', 10),
(107, 'OROU GNONROU', 10),
(108, 'SAMANGA', 10),
(109, 'TOKEY-BANTA', 10),
(110, 'WAGOU', 10),
(111, 'WETEROU', 10),
(112, 'YADIKPAROU', 10),
(113, 'BADOU', 11),
(114, 'BAGOU-SINKPAROU', 11),
(115, 'BAGOU-YAGBO', 11),
(116, 'BANIGOURE', 11),
(117, 'BEPORORO', 11),
(118, 'BOUYAGOUROU', 11),
(119, 'DIADIA', 11),
(120, 'GANDOBOU', 11),
(121, 'GARAGORO', 11),
(122, 'KALI', 11),
(123, 'KANGNAN', 11),
(124, 'KASSIROU', 11),
(125, 'KEROU-BAGOU', 11),
(126, 'KPAKAGUERE', 11),
(127, 'NAFAROU', 11),
(128, 'OROU-BEDOU', 11),
(129, 'TAITI', 11),
(130, 'YANKPANNOU', 11),
(131, 'BANTANSOUE', 12),
(132, 'BORO', 12),
(133, 'BORODAROU', 12),
(134, 'DAGOUROU', 12),
(135, 'DIGUISSON', 12),
(136, 'GOUNAROU', 12),
(137, 'LAFIAROU', 12),
(138, 'PARIKI', 12),
(139, 'DIMDIMNOU', 13),
(140, 'DONWARI', 13),
(141, 'GAMAGOU', 13),
(142, 'GASSO', 13),
(143, 'GBEMOUSSOU', 13),
(144, 'GNINDAROU', 13),
(145, 'GOURE DANTCHA', 13),
(146, 'KANTAKPARA-WOKPAROU', 13),
(147, 'KANTAKPARA-WOKPEROU', 13),
(148, 'KPIGOUROU', 13),
(149, 'OUESSENE-WOROU', 13),
(150, 'PETIT-PARIS', 13),
(151, 'SORI-BORO WANROU', 13),
(152, 'SORI-KPANKPANOU', 13),
(153, 'SORI-PEULH', 13),
(154, 'TAWALI', 13),
(155, 'TCHOUPOUNGA', 13),
(156, 'BINGA', 14),
(157, 'DOUGOULAYE', 14),
(158, 'FANAN', 14),
(159, 'GANDO-DARI', 14),
(160, 'GBESSA', 14),
(161, 'SOUGOU-GOUROU', 14),
(162, 'SOUGOU-KPANTROSSI', 14),
(163, 'DASSARI', 15),
(164, 'DOUGOU', 15),
(165, 'KALE', 15),
(166, 'SOUKAROU', 15),
(167, 'WARA', 15),
(168, 'WARA-GAH', 15),
(169, 'WARA-GBIDOGO', 15),
(170, 'DJINMELE', 16),
(171, 'GOGOUNOU-GBANIN', 16),
(172, 'GOGOUNOU-NASSABARA', 16),
(173, 'GOUBERA', 16),
(174, 'KONSENIN', 16),
(175, 'OUERE-BANI', 16),
(176, 'OUERE-SONKEROU', 16),
(177, 'SONKOROU', 16),
(178, 'SOROU', 16),
(179, 'AKOITCHAOU', 17),
(180, 'ALFAKOARA', 17),
(181, 'ANGARADEBOU', 17),
(182, 'DOGBAN', 17),
(183, 'FAFA', 17),
(184, 'FOUET', 17),
(185, 'KABAGBEDE', 17),
(186, 'KPALOLO', 17),
(187, 'SEKALE', 17),
(188, 'SONDO', 17),
(189, 'SOUNDOU', 17),
(190, 'TCHOKA', 17),
(191, 'THUY', 17),
(192, 'THYA', 17),
(193, 'BENSEKOU', 18),
(194, 'GOGBEDE', 18),
(195, 'KOUTAKROUKOU', 18),
(196, 'DININ', 19),
(197, 'DININ PEULH', 19),
(198, 'DODONDAWA SOMOUTERE', 19),
(199, 'DONWARI', 19),
(200, 'DONWARI-PEULH', 19),
(201, 'GAMBANE', 19),
(202, 'GAMBANE-PEULH', 19),
(203, 'GANDO', 19),
(204, 'GOUROU PEULH', 19),
(205, 'KPESSAROU', 19),
(206, 'MONGO', 19),
(207, 'MONGO-PEULH', 19),
(208, 'SIDEROU', 19),
(209, 'TISSAROU', 19),
(210, 'TISSAROU-PEULH', 19),
(211, 'TOUKO', 19),
(212, 'FIRI', 20),
(213, 'GBOKOUKOU', 20),
(214, 'GOGORE', 20),
(215, 'KASSAKOU', 20),
(216, 'PADE', 20),
(217, 'PADE-PEULH', 20),
(218, 'PEGON', 20),
(219, 'BANIKANI', 21),
(220, 'FOURE', 21),
(221, 'LOLO', 21),
(222, 'SAAH', 21),
(223, 'BIKONGOU', 22),
(224, 'BODEROU', 22),
(225, 'BODEROU-PEULH', 22),
(226, 'GBINDAROU', 22),
(227, 'SAKATOUSSA', 22),
(228, 'SAM', 22),
(229, 'SAM-GOKIROU', 22),
(230, 'SAM-PEULH', 22),
(231, 'TANKONGOU', 22),
(232, 'TANKONGOU-DAGOUROU', 22),
(233, 'TERI', 22),
(234, 'WONGA', 22),
(235, 'ALIBORI-YANKIN', 23),
(236, 'PEDIGUI', 23),
(237, 'SINAWONGOUROU', 23),
(238, 'SINAWONGOUROU-PEULH', 23),
(239, 'SONSORO', 23),
(240, 'SONSORO-PEULH', 23),
(241, 'DAMADI', 24),
(242, 'DODOPANIN', 24),
(243, 'GANDO-KOSSIKANA', 24),
(244, 'GANSOSSO-GBIGA', 24),
(245, 'GANSOSSO-YIROUSSE', 24),
(246, 'KADJERE', 24),
(247, 'KEFERI-HINKANTE', 24),
(248, 'KEFERI-SINTE', 24),
(249, 'PEDE', 24),
(250, 'AL BARIKA', 25),
(251, 'ALEKPARE', 25),
(252, 'BANIGOUROU', 25),
(253, 'BAOBAB', 25),
(254, 'KOSSAROU', 25),
(255, 'MADINA', 25),
(256, 'ZERMAN-KOURE', 25),
(257, 'BAKPARA', 26),
(258, 'HEBOUMEY', 26),
(259, 'KANDI-FO', 26),
(260, 'KANDI-FO-PEULH', 26),
(261, 'LAFIAROU', 26),
(262, 'PODO', 26),
(263, 'SINIKOUSSOU-BERI', 26),
(264, 'BIRNI LAFIA', 27),
(265, 'FADAMA', 27),
(266, 'GOROUKAMBOU', 27),
(267, 'KANGARA-PEULH', 27),
(268, 'KARIGUI', 27),
(269, 'MISSIRA', 27),
(270, 'SABOULA', 27),
(271, 'TONDIKOARIA', 27),
(272, 'TONDOOBON', 27),
(273, 'BANIKANI', 28),
(274, 'BOGO-BOGO', 28),
(275, 'KOARATEDJI', 28),
(276, 'KOFOUNOU', 28),
(277, 'MAMASSY-GOURMA', 28),
(278, 'TORIOH', 28),
(279, 'TOURA', 28),
(280, 'BANIZOUMBOU', 29),
(281, 'DANGAZORI', 29),
(282, 'GARBEY-KOARA', 29),
(283, 'GOUNGOU-BERI', 29),
(284, 'KENE-TOUNGA', 29),
(285, 'KOMPA', 29),
(286, 'KOMPANTI', 29),
(287, 'BAKO-MAKA', 30),
(288, 'BONGNAMI', 30),
(289, 'FANDOU', 30),
(290, 'GOUMBITCHIGOURA', 30),
(291, 'LOUMBOU-LOUMBOU', 30),
(292, 'MACHAYAN-MARCHE', 30),
(293, 'MONSEY', 30),
(294, 'PETCHINGA', 30),
(295, 'BELLO-TOUNGA', 31),
(296, 'FAKARA', 31),
(297, 'GOUROU BERI', 31),
(298, 'KARIMAMA-BATOUMA-BERI', 31),
(299, 'KARIMAMA-DENDI-KOURE', 31),
(300, 'MAMASSY-PEULH', 31),
(301, 'DJINDEGABI-TOUNGA', 32),
(302, 'GAABO', 32),
(303, 'GAROU-BERI', 32),
(304, 'GAROU-TEDJI', 32),
(305, 'GAROU-TEDJI-GOROBANI', 32),
(306, 'GAROU-WENOU-KANNIN', 32),
(307, 'KAMBOUWO-TOUNGA', 32),
(308, 'MONKASSA', 32),
(309, 'TOUNGA-TEDJI', 32),
(310, 'WANDA', 32),
(311, 'BANGOU', 33),
(312, 'BANITE-FERE KIRE', 33),
(313, 'BANITE-KOUBERI', 33),
(314, 'BOIFFO', 33),
(315, 'FIAFOUNFOUN', 33),
(316, 'GOUN-GOUN', 33),
(317, 'GUENE-GUIDIGO', 33),
(318, 'GUENE-ZERME', 33),
(319, 'ISSENE', 33),
(320, 'KANTORO', 33),
(321, 'KOARA-TEDJI', 33),
(322, 'LAKALI-KANEY', 33),
(323, 'MOKOLLE', 33),
(324, 'SOUNBEY-GOROU', 33),
(325, 'TONDI-BANDA', 33),
(326, 'TORO-ZOUGOU', 33),
(327, 'GODJEKOARA', 34),
(328, 'GOROUSSOUNDOUGOU', 34),
(329, 'ILLOUA', 34),
(330, 'KASSA', 34),
(331, 'KOUALEROU', 34),
(332, 'KOUARA-TEDJI', 34),
(333, 'MADECALI', 34),
(334, 'MADECLI-ZONGO', 34),
(335, 'MELAYAKOUARA', 34),
(336, 'SENDE', 34),
(337, 'BANILOUA', 35),
(338, 'DEGUE-DEGUE', 35),
(339, 'GOROU-DJINDE', 35),
(340, 'MOLLA', 35),
(341, 'SAKAWAN-TEDJI', 35),
(342, 'SAKAWAN-ZENON', 35),
(343, 'SANTCHE', 35),
(344, 'TOUMBOUTOU', 35),
(345, 'WANZAM-KOARA', 35),
(346, 'BODJECALI', 36),
(347, 'BODJECALI-CHATEAU', 36),
(348, 'GALIEL', 36),
(349, 'GOLOBANDA', 36),
(350, 'KOTCHI', 36),
(351, 'TASSI-DJINDE', 36),
(352, 'TASSI-TEDJI', 36),
(353, 'TASSI-TEDJI-BANIZOUNBOU', 36),
(354, 'TASSI-TEDJI-BOULANGA', 36),
(355, 'TASSI-ZENON', 36),
(356, 'WOLLO', 36),
(357, 'WOLLO-CHATEAU', 36),
(358, 'WOURO-YESSO', 36),
(359, 'BOBENA', 37),
(360, 'DIAPEOU', 37),
(361, 'GOUNGBE', 37),
(362, 'KOUTE', 37),
(363, 'LIBANTE', 37),
(364, 'SAONZI', 37),
(365, 'GBESSAKA', 38),
(366, 'KAMBARA', 38),
(367, 'LETE', 38),
(368, 'LIBOUSSOU', 38),
(369, 'TOUNGA-ISSA', 38),
(370, 'WARANZI', 38),
(371, 'BOUMOUSSOU', 39),
(372, 'GANDOLOUKASSA', 39),
(373, 'GBASSE', 39),
(374, 'GBEKAKAROU', 39),
(375, 'GUENELAGA', 39),
(376, 'KAMANAN', 39),
(377, 'LOUGOU', 39),
(378, 'NIAMBARA', 39),
(379, 'SINWAN', 39),
(380, 'ZONZI', 39),
(381, 'BEDAFOU', 40),
(382, 'GBARANA', 40),
(383, 'MOROU', 40),
(384, 'POELA', 40),
(385, 'SEREBANI', 40),
(386, 'SEREKIBE', 40),
(387, 'SOKOTINDJI', 40),
(388, 'TCHAKAMA', 40),
(389, 'BATAZI', 41),
(390, 'FONDO', 41),
(391, 'GBESSARE', 41),
(392, 'GUENE KOUZI', 41),
(393, 'KOROWI', 41),
(394, 'KPASSANA', 41),
(395, 'LIMAFRANI', 41),
(396, 'MAFOUTA-WAASSARE', 41),
(397, 'PIAMI', 41),
(398, 'SAMTIMBARA', 41),
(399, 'DIKOUMINI', 42),
(400, 'DIMANSOURI', 42),
(401, 'DIPOLI', 42),
(402, 'DISSAPOLI', 42),
(403, 'KPERINKPE', 42),
(404, 'MANTCHARI', 42),
(405, 'NATCHENTE', 42),
(406, 'OTANONGOU', 42),
(407, 'OUKOUNSERIHOUN', 42),
(408, 'AGBONTE', 43),
(409, 'KEYORDAKE', 43),
(410, 'KOUCONGOU', 43),
(411, 'KOUPAGOU-KORONTIERE', 43),
(412, 'KOUTCHATIE', 43),
(413, 'KOUYA', 43),
(414, 'NATIENI', 43),
(415, 'OKOUARO', 43),
(416, 'TADOWONTA', 43),
(417, 'TASSAYOTA', 43),
(418, 'DIDOMPE', 44),
(419, 'KOUGNANGOU', 44),
(420, 'KOUKOUANKPANGOU', 44),
(421, 'KOUSSOUCOINGOU', 44),
(422, 'KOUSSOUNONGOU', 44),
(423, 'KOUTAYAGOU', 44),
(424, 'KOUWATAKOUANGOU', 44),
(425, 'TAKPANTA', 44),
(426, 'TCHAPETA', 44),
(427, 'TIPAOTI', 44),
(428, 'DIKON HEIN', 45),
(429, 'DIKOUTENI', 45),
(430, 'DIMATADONIE', 45),
(431, 'DIMATIMA', 45),
(432, 'DIPOKOR', 45),
(433, 'DIPOKOR-TCHAABA', 45),
(434, 'KOUHEMGOU', 45),
(435, 'KOUKOUAKAMANGOU', 45),
(436, 'KOUKOUANGOU', 45),
(437, 'KOUNADOGOU', 45),
(438, 'KOUNATCHATIEGOU', 45),
(439, 'KOUTANGOU', 45),
(440, 'KOUTCHANTIE', 45),
(441, 'TAKOTIETA', 45),
(442, 'TATCHADIETA', 45),
(443, 'DIPOKORFONTRI', 46),
(444, 'KOUDOGOU', 46),
(445, 'KOUKOUA', 46),
(446, 'KOUKPINTIEGOU', 46),
(447, 'KOUNAGNIGOU', 46),
(448, 'KOUNAKOGOU', 46),
(449, 'KOUPORGOU', 46),
(450, 'KOUSSAKOU', 46),
(451, 'KOUTANGOU', 46),
(452, 'KOUTCHA-KOUMAGOU', 46),
(453, 'KOUTOUTONGOU', 46),
(454, 'KOUWONATOUGOU', 46),
(455, 'KOUWOTCHIRGOU', 46),
(456, 'DIKOUANI', 47),
(457, 'DIMATECO', 47),
(458, 'DIPINTAKOUANI', 47),
(459, 'KATCHAGNIGA', 47),
(460, 'KOUBEGOU', 47),
(461, 'KOUBENTIEGOU', 47),
(462, 'KOUCOGOU', 47),
(463, 'KOUDADAGOU', 47),
(464, 'KOUKOUATOUGOU', 47),
(465, 'KOUKPETIHAGOU', 47),
(466, 'TABOTA', 47),
(467, 'TAKOTCHIENTA', 47),
(468, 'TATOUTA', 47),
(469, 'YATIE', 47),
(470, 'DITCHENDIA', 48),
(471, 'IKOUNGA', 48),
(472, 'KOTOTOUGOU', 48),
(473, 'KOUDAHONGOU', 48),
(474, 'KOUKOUANGOU-BOUKOUMBE', 48),
(475, 'KOUKOUATCHIENGOU', 48),
(476, 'KOUMAAGOU', 48),
(477, 'KOUMATIE', 48),
(478, 'KOUMONTCHIRGOU', 48),
(479, 'KOUNADOGOU', 48),
(480, 'KOUNTCHOUGOU', 48),
(481, 'KOUPAGOU', 48),
(482, 'KOUSSAYAGOU', 48),
(483, 'KOUSSETIEGOU', 48),
(484, 'KOUSSOCOINGOU', 48),
(485, 'KOUTAGOU', 48),
(486, 'KOUTATIEGOU', 48),
(487, 'KOUTCHATA', 48),
(488, 'KOUTCHATAHONGOU', 48),
(489, 'TATOUTA', 48),
(490, 'ZONGO', 48),
(491, 'DATORI', 49),
(492, 'KADIENI', 49),
(493, 'MATALE', 49),
(494, 'NAGNANDE', 49),
(495, 'NAMATIENOU', 49),
(496, 'TCHAMONGA', 49),
(497, 'TOKIBI', 49),
(498, 'KOUNTORI', 50),
(499, 'KPETISSOHOUN', 50),
(500, 'NAMOUTCHAGA', 50),
(501, 'OROUKOUARE', 50),
(502, 'OUKPETOUHOUN', 50),
(503, 'OUKPINTIHOUN', 50),
(504, 'OUTANONHOUN', 50),
(505, 'SERHOUNGUE', 50),
(506, 'SINNI', 50),
(507, 'TARPINGOU', 50),
(508, 'GNANGOU', 51),
(509, 'KOLGOU', 51),
(510, 'PENTINGA', 51),
(511, 'SIENOU', 51),
(512, 'TAPOGA', 51),
(513, 'ZANNIOURI', 51),
(514, 'BAGAPODI', 52),
(515, 'COBLY', 52),
(516, 'KANADEKE', 52),
(517, 'KOUKONTOUGA', 52),
(518, 'KPETIENOU', 52),
(519, 'NANAGADE', 52),
(520, 'NOUANGOU', 52),
(521, 'OUKODOO', 52),
(522, 'OUOROU', 52),
(523, 'OUYERIHOUN', 52),
(524, 'TCHOKITA', 52),
(525, 'TOUGA', 52),
(526, 'YIMPISSIRI', 52),
(527, 'BAGOUBAGOU', 53),
(528, 'BAMBABA', 53),
(529, 'BASSINI', 53),
(530, 'BEREKOSSOU', 53),
(531, 'BRIGNAMARO', 53),
(532, 'GANDO BAKA', 53),
(533, 'KONGOUROU', 53),
(534, 'KOSSOU', 53),
(535, 'KOSSOU-OUINRA', 53),
(536, 'TCHOUKAGNIN', 53),
(537, 'YAKRIGOROU', 53),
(538, 'BATENIN', 54),
(539, 'DJOLENI', 54),
(540, 'GORI', 54),
(541, 'GOROBANI', 54),
(542, 'KABONGOUROU', 54),
(543, 'SOKOUNGOUROU', 54),
(544, 'YIROUBARA', 54),
(545, 'GNAMPOLI', 55),
(546, 'KAOBAGOU', 55),
(547, 'YINSIGA', 55),
(548, 'BAKOUSSAROU', 56),
(549, 'BIPOTOKO', 56),
(550, 'BOUKOUBOUROU', 56),
(551, 'FETEKOU', 56),
(552, 'FETEKOU -ALAGA', 56),
(553, 'GAMBORE', 56),
(554, 'GANTODO', 56),
(555, 'GNANGNANOU', 56),
(556, 'GOUGNINNOU', 56),
(557, 'KARIGOUROU', 56),
(558, 'KEDAROU', 56),
(559, 'KEROU WIROU', 56),
(560, 'KOKOKOU', 56),
(561, 'KPARATEGUI', 56),
(562, 'MANOU', 56),
(563, 'OUORE', 56),
(564, 'PIKIRE', 56),
(565, 'PIKIRE-ADAGA', 56),
(566, 'SINAGOUROU', 56),
(567, 'TOUDAKOU BANYIROU', 56),
(568, 'WAROU N\'GOUROU', 56),
(569, 'YAKIN-MOTOKO', 56),
(570, 'BIRNI MARO', 57),
(571, 'BIRNI-KANKOULKA', 57),
(572, 'BIRNI-KPEBIROU', 57),
(573, 'GORGOBA', 57),
(574, 'GOUFANROU', 57),
(575, 'HONGON', 57),
(576, 'KOUBORO', 57),
(577, 'TAMANDE', 57),
(578, 'TASSIGOUROU', 57),
(579, 'YAKABISSI', 57),
(580, 'CHABI COUMA', 58),
(581, 'GANTIECO', 58),
(582, 'GBENIKI', 58),
(583, 'PAPATIA', 58),
(584, 'SAKASSON-DITAMARI', 58),
(585, 'SAKASSON-DOMPAGO', 58),
(586, 'WEME', 58),
(587, 'BOROYINDE', 59),
(588, 'DANRI', 59),
(589, 'FOO', 59),
(590, 'KABARE', 59),
(591, 'MAKA', 59),
(592, 'OROUBOUSSOUKOU', 59),
(593, 'TANCE', 59),
(594, 'TIKOU', 59),
(595, 'BORO', 60),
(596, 'DAMOUTI', 60),
(597, 'FOO-MAMA', 60),
(598, 'GORA-PEULH', 60),
(599, 'GOUTERE', 60),
(600, 'GUILMARO-BOUNKOSSOROU', 60),
(601, 'GUILMARO-GARKOUSSON', 60),
(602, 'GUILMARO-SINAKPAGOUROU', 60),
(603, 'KEDEKOU', 60),
(604, 'KPAKOU-TANKONGA', 60),
(605, 'KPIKIRE KOKA', 60),
(606, 'NASSOUKOU', 60),
(607, 'OUROUFINA', 60),
(608, 'SERI', 60),
(609, 'SONNOUGOBEROU', 60),
(610, 'BOROUKOU-PEULH', 61),
(611, 'DEKEROU', 61),
(612, 'GANIKPEROU', 61),
(613, 'KETERE', 61),
(614, 'KPANKPANKOU', 61),
(615, 'KPESSOUROU', 61),
(616, 'NIARISSINRA', 61),
(617, 'NIARO-GNINON', 61),
(618, 'NIAROSSON', 61),
(619, 'NIEKENE-BANSOU', 61),
(620, 'OROUGBENI', 61),
(621, 'OROUKAYO', 61),
(622, 'PELIMA', 61),
(623, 'POUPOURE', 61),
(624, 'SOMBOKO', 61),
(625, 'YINKENE', 61),
(626, 'BASSILOU', 62),
(627, 'BECKET-BOURAME', 62),
(628, 'BECKET-PEULH', 62),
(629, 'BORE', 62),
(630, 'DAROU-WIROU', 62),
(631, 'KPESSININ', 62),
(632, 'MAKROU-GOUROU', 62),
(633, 'MARO', 62),
(634, 'MARY', 62),
(635, 'SAKABOU', 62),
(636, 'SEKOGOUROU', 62),
(637, 'SEKOGOUROU-BAILA', 62),
(638, 'SINAKPAWOROU', 62),
(639, 'SOWA', 62),
(640, 'TOKORO', 62),
(641, 'ZONGO', 62),
(642, 'COUPIANI', 63),
(643, 'DASSARI', 63),
(644, 'FIRIHOUN', 63),
(645, 'KOUNDRI', 63),
(646, 'KOUROU-KOUALOU', 63),
(647, 'NAGASSEGA', 63),
(648, 'NIEHOUN-LALOGA', 63),
(649, 'NOUARI', 63),
(650, 'OURIYORI', 63),
(651, 'PORGA', 63),
(652, 'POURI', 63),
(653, 'SETCHINDIKA', 63),
(654, 'TANKOUARI', 63),
(655, 'TANKOUAYOKOUHOUN', 63),
(656, 'TETONGA', 63),
(657, 'TIGNINGA', 63),
(658, 'TIHOUN', 63),
(659, 'TINWEGA', 63),
(660, 'BAHOUN', 64),
(661, 'DOGA', 64),
(662, 'GOUANDE', 64),
(663, 'KANDEGUEHOUN', 64),
(664, 'KOUANTIENI', 64),
(665, 'KOUFORPISSIGA', 64),
(666, 'SINDORI-TONI', 64),
(667, 'TASSAHOUN', 64),
(668, 'TCHARIKOUANGA', 64),
(669, 'TCHASSAGA', 64),
(670, 'TIARI', 64),
(671, 'TOUBOUGNINI', 64),
(672, 'BORIFIERI', 65),
(673, 'HOLLI', 65),
(674, 'KOTARI', 65),
(675, 'KOUARHOUN', 65),
(676, 'KPEREHOUN', 65),
(677, 'MAHONTIKA', 65),
(678, 'NODI', 65),
(679, 'N\'TCHIEGA', 65),
(680, 'TAMPOURE-POGUE', 65),
(681, 'YEDEKAHOUN', 65),
(682, 'BAMPORA', 66),
(683, 'BOGODORI', 66),
(684, 'DABOGOHOUN', 66),
(685, 'KANDJO', 66),
(686, 'KONEANDRI', 66),
(687, 'KOUSSEGA', 66),
(688, 'MADOGA', 66),
(689, 'NAMBOULI', 66),
(690, 'POURNIARI', 66),
(691, 'TAMBOGOU-KONDRI', 66),
(692, 'TAMPANGA', 66),
(693, 'TANHOUN', 66),
(694, 'TANTEGA', 66),
(695, 'TEBIWOGOU', 66),
(696, 'FEHOUN', 67),
(697, 'FEKEROU', 67),
(698, 'KOUTOUKONDIGA', 67),
(699, 'SAKONOU', 67),
(700, 'TCHANHOUNCOSSI', 67),
(701, 'YANGA', 67),
(702, 'YANSAGA', 67),
(703, 'BOURPORGA', 68),
(704, 'BOUTOUHOUNPINGOU', 68),
(705, 'KANKINI-SERI', 68),
(706, 'MATERI', 68),
(707, 'MERHOUN', 68),
(708, 'MIHIHOUN', 68),
(709, 'NAGASSEGA-KANI', 68),
(710, 'PINGOU', 68),
(711, 'SEKANOU', 68),
(712, 'SOUOMOU', 68),
(713, 'TAMPINTI-YEROU', 68),
(714, 'TANTOURI', 68),
(715, 'TINTONSI', 68),
(716, 'TOUSSARI', 68),
(717, 'YONDISSERI', 68),
(718, 'YOPIAKA', 68),
(719, 'BANGRETAMOU', 69),
(720, 'DOKONDE', 69),
(721, 'FAYOURE', 69),
(722, 'KAMPOUYA', 69),
(723, 'KOTA-MONNONGOU', 69),
(724, 'KOTOPOUNGA', 69),
(725, 'ONSIKOTO', 69),
(726, 'POUYA', 69),
(727, 'SOUROUKOU', 69),
(728, 'TAMPEDEMA', 69),
(729, 'TCHANTANGOU', 69),
(730, 'WETIPOUNGA', 69),
(731, 'YAKPANGOUTINGOU', 69),
(732, 'YARIKOU', 69),
(733, 'DIKOUAN', 70),
(734, 'KATANGINKA', 70),
(735, 'KOUABA', 70),
(736, 'KOUKOUABIRGOU', 70),
(737, 'KOUNITCHANGOU', 70),
(738, 'KOUTANONGOU', 70),
(739, 'KOUWANWANGOU', 70),
(740, 'MOUSSANSAMOU', 70),
(741, 'TAGAHEI', 70),
(742, 'TEDONTE', 70),
(743, 'TIPETI', 70),
(744, 'KOUANDATA', 71),
(745, 'KOUATIDABIRGOU', 71),
(746, 'KOUNADORGOU', 71),
(747, 'KOUTIE', 71),
(748, 'TIGNINTI', 71),
(749, 'GNAGNAMMOU', 72),
(750, 'KOKA', 72),
(751, 'KOUBIRGOU', 72),
(752, 'KOUETENA', 72),
(753, 'KOUNAPEIGOU', 72),
(754, 'KOUPEICO', 72),
(755, 'KOUSSIGOU', 72),
(756, 'PAM-PAM', 72),
(757, 'PERMA CENTRE', 72),
(758, 'SINAICIRE', 72),
(759, 'TENOUNKONTE', 72),
(760, 'TEPENTE', 72),
(761, 'TIGNANPETI', 72),
(762, 'KOUTIE TCHATIDO', 73),
(763, 'KOUWA N\'PONGOU', 73),
(764, 'MOUPEMOU', 73),
(765, 'TAKONTA', 73),
(766, 'TCHOUMI-TCHOUMI', 73),
(767, 'WIMMOU', 73),
(768, 'BAGRI', 74),
(769, 'DJINDJIRE-BERI', 74),
(770, 'KANTCHAGOUTAMOU', 74),
(771, 'SOUNTCHIRANTIKOU', 74),
(772, 'TCHIRIMINA', 74),
(773, 'YOKOSSI', 74),
(774, 'BOKORO', 75),
(775, 'BORIYOURE', 75),
(776, 'DASSAKATE', 75),
(777, 'OURKPARBOU', 75),
(778, 'OUROUBONNA', 75),
(779, 'SANTA', 75),
(780, 'BERECINGOU', 76),
(781, 'DIDAPOUMBOR', 76),
(782, 'KANTABORIFA', 76),
(783, 'KOUSSANTIKOU', 76),
(784, 'OURBOUGA', 76),
(785, 'WINKE', 76),
(786, 'YETAPO', 76),
(787, 'YIMPORIMA', 76),
(788, 'DITAWAN', 77),
(789, 'DOYAKOU', 77),
(790, 'KOUDENGOU', 77),
(791, 'PEPORIYAKOU', 77),
(792, 'TETANTE', 77),
(793, 'TIKOUANI', 77),
(794, 'TOROUBOU', 77),
(795, 'BONIGOUROU', 78),
(796, 'DOH', 78),
(797, 'GNEMASSON', 78),
(798, 'GNEMASSON-GANDO', 78),
(799, 'SAYAKROU', 78),
(800, 'SAYAKROU - GAH', 78),
(801, 'BANA', 79),
(802, 'BOUDE', 79),
(803, 'GAMBINOU', 79),
(804, 'GONRI', 79),
(805, 'GOUNTIA', 79),
(806, 'GUIMBEREROU', 79),
(807, 'MARE OROU GAH', 79),
(808, 'NINGOUSSOUROU', 79),
(809, 'OUASSA-KIKA', 79),
(810, 'OUASSA-MARO', 79),
(811, 'SINAOU', 79),
(812, 'TOBRE', 79),
(813, 'TONRI', 79),
(814, 'WAKAROU', 79),
(815, 'BEKET', 80),
(816, 'BEKET-GAH', 80),
(817, 'BOUEROU', 80),
(818, 'GBEBA', 80),
(819, 'NASSOU', 80),
(820, 'PEHONCO-TATAPOURANOU', 80),
(821, 'PEHUNCO I', 80),
(822, 'PEHUNCO II', 80),
(823, 'PEHUNCO-GAH', 80),
(824, 'SINAOURAROU', 80),
(825, 'SINAOURAROU-GAH', 80),
(826, 'SOAODOU', 80),
(827, 'SOASSARAROU', 80),
(828, 'SOMPAREROU-GAH', 80),
(829, 'WOKOU', 80),
(830, 'BOUNTA', 81),
(831, 'CORONCORE', 81),
(832, 'COTIAKOU', 81),
(833, 'DAGUIMAGNINNI', 81),
(834, 'MANOUGOU', 81),
(835, 'NOWERERE', 81),
(836, 'PARABOU', 81),
(837, 'PEMOMBOU', 81),
(838, 'PENITINGOU', 81),
(839, 'TANFERE', 81),
(840, 'TORA', 81),
(841, 'TORICONCONE', 81),
(842, 'DONDONGOU', 82),
(843, 'KOUGNIERI', 82),
(844, 'NATAGATA', 82),
(845, 'N\'DAHONTA', 82),
(846, 'NIGNERI', 82),
(847, 'SAMMONGOU', 82),
(848, 'SONTA', 82),
(849, 'TAHINKOU', 82),
(850, 'TAPEKOU', 82),
(851, 'TCHAETA', 82),
(852, 'BONGOU', 83),
(853, 'DOUANI', 83),
(854, 'FINTA', 83),
(855, 'HANTEKOU', 83),
(856, 'KOGNIGA', 83),
(857, 'KOTCHEKONGOU', 83),
(858, 'KOUAYOTI', 83),
(859, 'KOUTCHOUTCHOUGOU', 83),
(860, 'MATANRGUI', 83),
(861, 'NAFAYOTI', 83),
(862, 'NONTINGOU', 83),
(863, 'OUANKOU', 83),
(864, 'TAHONGOU', 83),
(865, 'TAIACOU', 83),
(866, 'YEHONGOU', 83),
(867, 'YEYEDI', 83),
(868, 'YOUAKOU', 83),
(869, 'BATIA', 84),
(870, 'KAYARIKA', 84),
(871, 'SANGOU', 84),
(872, 'TANONGOU', 84),
(873, 'TCHAFARGA', 84),
(874, 'TCHATINGOU', 84),
(875, 'TCHAWASSAKA', 84),
(876, 'YANGOU', 84),
(877, 'BIACOU', 85),
(878, 'BOURGNIESSOU', 85),
(879, 'DJIDJIRE-BERI', 85),
(880, 'GORO-BANI', 85),
(881, 'MAMOUSSA', 85),
(882, 'NANEBOU', 85),
(883, 'PORHOUM', 85),
(884, 'PORKA', 85),
(885, 'SEPOUNGA', 85),
(886, 'TCHOUTCHOUBOU', 85),
(887, 'TIELE', 85),
(888, 'YARKA', 85),
(889, 'BOUYAGNINDI', 86),
(890, 'KOUARFA', 86),
(891, 'KOUBA', 86),
(892, 'MOUNOUMBORIFA', 86),
(893, 'PEPERKOU', 86),
(894, 'TAKISSARI', 86),
(895, 'TAMPOBRE', 86),
(896, 'TANDAFA', 86),
(897, 'TANKOKONA', 86),
(898, 'TCHOUNDEKOU', 86),
(899, 'WABOU', 86),
(900, 'BATITAMOU', 87),
(901, 'DIKOKORE', 87),
(902, 'KOKOTA', 87),
(903, 'MAKO', 87),
(904, 'NABAGA', 87),
(905, 'TAMPEGRE', 87),
(906, 'TANTOUGOU', 87),
(907, 'TCHANHORTA', 87),
(908, 'WANSOKOU', 87),
(909, 'BORIBANSIFA', 88),
(910, 'DATAKOU', 88),
(911, 'FATIYA', 88),
(912, 'KOKOKOU', 88),
(913, 'KPENTIKOU', 88),
(914, 'MOUSSITINGOU', 88),
(915, 'TAMPATOU', 88),
(916, 'TCHAKALAKOU', 88),
(917, 'TECTIBAYAOU', 88),
(918, 'TOUKOUNTOUNA', 88),
(919, 'ADJAGBO', 89),
(920, 'AGASSA-GODOMEY', 89),
(921, 'AGONME', 89),
(922, 'AGONSOUNDJA', 89),
(923, 'AKASSATO CENTRE', 89),
(924, 'GBETAGBO', 89),
(925, 'GLO-TOKPA', 89),
(926, 'HOUEKE-GBO', 89),
(927, 'HOUEKE-HONOU', 89),
(928, 'KOLETIN', 89),
(929, 'KPODJI-LES-MONTS', 89),
(930, 'MISSESSINTO', 89),
(931, 'ZEKANMEY-DOME', 89),
(932, 'ZOPAH PALMERAIE', 89),
(933, 'ABIKOUHOLI', 90),
(934, 'AGBO-CODJI-SEDEGBE', 90),
(935, 'AGONKANMEY', 90),
(936, 'AIMEVO', 90),
(937, 'ALEGLETA', 90),
(938, 'AMANHOUN', 90),
(939, 'ASSROSSA', 90),
(940, 'ATROKPO-CODJI', 90),
(941, 'COCOCODJI', 90),
(942, 'COCOTOMEY', 90),
(943, 'DEKOUNGBE-EGLISE', 90),
(944, 'DEKOUNGBE-USINE', 90),
(945, 'DENOU', 90),
(946, 'DJEKPOTA', 90),
(947, 'DJOUKPA-TOGOUDO', 90),
(948, 'FANDJI', 90),
(949, 'FIGNONHOU', 90),
(950, 'FINAFA', 90),
(951, 'GANGANZOUNME', 90),
(952, 'GBEGNIGAN-MIDOKPO', 90),
(953, 'GBODJE-WOMEY', 90),
(954, 'GNINKINDJI', 90),
(955, 'GODOMEY-N\'GBEHO', 90),
(956, 'GODOMEY-TOGOUDO', 90),
(957, 'HEDOME', 90),
(958, 'HELOUTO', 90),
(959, 'HOUAKOMEY', 90),
(960, 'HOUNSA-AGBODOKPA', 90),
(961, 'LA PAIX', 90),
(962, 'LOBOZOUNKPA', 90),
(963, 'MARIA-GLETA', 90),
(964, 'NINGBOTO', 90),
(965, 'NONHOUENOU', 90),
(966, 'OUNVENOUMEDE', 90),
(967, 'PLATEAU', 90),
(968, 'SALAMEY', 90),
(969, 'SEDJANNANKO', 90),
(970, 'SEDOMEY', 90),
(971, 'SELOLI-FANDJI', 90),
(972, 'SODO', 90),
(973, 'TANKPE', 90),
(974, 'TOGBIN-DAHO', 90),
(975, 'TOGBIN-KPEVI', 90),
(976, 'TOGNIN-FANDJI', 90),
(977, 'TOKPA', 90),
(978, 'WOMEY CENTRE', 90),
(979, 'YENANDJRO', 90),
(980, 'YOLOMAHOUTO', 90),
(981, 'ZOUNGA', 90),
(982, 'ADJAME', 91),
(983, 'AGONGBE', 91),
(984, 'AGONKESSA', 91),
(985, 'ALLADACOME', 91),
(986, 'AZONSA', 91),
(987, 'DJISSOUKPA', 91),
(988, 'DOMEY-GBO', 91),
(989, 'GOLO-DJIGBE', 91),
(990, 'GOLO-FANTO', 91),
(991, 'LOHOUSSA', 91),
(992, 'MISSEBO-ESPACE SAINT', 91),
(993, 'YEKON-AGA', 91),
(994, 'YEKON-DO', 91),
(995, 'ZEKANMEY', 91),
(996, 'ADOVIE', 92),
(997, 'AKOSSAVIE', 92),
(998, 'DOSSOUNOU', 92),
(999, 'HEVIE CENTRE', 92),
(1000, 'HOUINME', 92),
(1001, 'HOUNYEVA', 92),
(1002, 'HOUNZEVIE', 92),
(1003, 'SOGAN', 92),
(1004, 'ZOUNGO', 92),
(1005, 'ANAGBO', 93),
(1006, 'AVAGBE', 93),
(1007, 'BOZOUN', 93),
(1008, 'DJIGBO', 93),
(1009, 'HADJANAHO', 93),
(1010, 'KPANROUN', 93),
(1011, 'KPANROUN-DODOMEY', 93),
(1012, 'KPAVIEDJA', 93),
(1013, 'KPE', 93),
(1014, 'ADJAGBO', 94),
(1015, 'ADJAGBO-AIDJEDO', 94),
(1016, 'ADJAGLO-AIDJEDO', 94),
(1017, 'AHOUATO', 94),
(1018, 'ALANSANKOME', 94),
(1019, 'DASSEKOMEY', 94),
(1020, 'DESSATO', 94),
(1021, 'KPOSSIDJA', 94),
(1022, 'OUEDO CENTRE', 94),
(1023, 'OUEDO CENTRE', 94),
(1024, 'AHOSSOUGBETA', 95),
(1025, 'DRABO', 95),
(1026, 'FIFONSI', 95),
(1027, 'HOUETO', 95),
(1028, 'OUEGA-AGUE', 95),
(1029, 'OUEGA-TOKPA', 95),
(1030, 'SOME', 95),
(1031, 'TANKPE', 95),
(1032, 'TOGBA MARIA-GLETA', 95),
(1033, 'TOKAN', 95),
(1034, 'TOKAN AIDEGNON', 95),
(1035, 'ADJOGANSA', 96),
(1036, 'DANGBODJI', 96),
(1037, 'DOKOMEY', 96),
(1038, 'GBODJE', 96),
(1039, 'GBODJOKO', 96),
(1040, 'HOUEGOUDO', 96),
(1041, 'KPOTOMEY', 96),
(1042, 'SOKAN', 96),
(1043, 'WAWATA', 96),
(1044, 'WAWATA-TODJA', 96),
(1045, 'YEVIE', 96),
(1046, 'YEVIE-NOUGO', 96),
(1047, 'ZINVIE-AGOLEDJI', 96),
(1048, 'ZINVIE-FANDJI', 96),
(1049, 'ZINVIE-ZOUNME', 96),
(1050, 'AGAMANDIN', 97),
(1051, 'AGORI', 97),
(1052, 'AIFA', 97),
(1053, 'AITCHEDJI', 97),
(1054, 'ALEDJO', 97),
(1055, 'CITE LA VICTOIRE', 97),
(1056, 'CITE LES PALMIERS', 97),
(1057, 'FANDJI', 97),
(1058, 'FINAFA', 97),
(1059, 'GBODJO', 97),
(1060, 'KANSOUNKPA', 97),
(1061, 'SEME', 97),
(1062, 'TANKPE', 97),
(1063, 'TCHINANGBEGBO', 97),
(1064, 'TOKPA-ZOUNGO', 97),
(1065, 'TOKPA-ZOUNGO NORD', 97),
(1066, 'TOKPA-ZOUNGO SUD', 97),
(1067, 'ZOGBADJE', 97),
(1068, 'ZOPAH', 97),
(1069, 'ZOUNDJA', 97),
(1070, 'ACCLOHOUE', 98),
(1071, 'AGBANOU', 98),
(1072, 'AGONDOKPOE', 98),
(1073, 'AGONGBLAMEY', 98),
(1074, 'ATTOTINGA', 98),
(1075, 'GBETA', 98),
(1076, 'GOUNONTOMEY', 98),
(1077, 'GOUSSIKPOTA', 98),
(1078, 'LOKOKPA', 98),
(1079, 'TEGBO', 98),
(1080, 'TOKPA-AVAGOUDO', 98),
(1081, 'WADON', 98),
(1082, 'ZOUNTA', 98),
(1083, 'AHITO', 99),
(1084, 'BAWEKANMEY', 99),
(1085, 'DAHSRAMEY', 99),
(1086, 'HANAFIN', 99),
(1087, 'HESSA', 99),
(1088, 'HETIN', 99),
(1089, 'LOTO-DENOU', 99),
(1090, 'ZOUNGBODJI', 99),
(1091, 'ASSIHOUI', 100),
(1092, 'ATTOGON CENTRE', 100),
(1093, 'AVANKAMEY', 100),
(1094, 'KPOGUETOMEY', 100),
(1095, 'NIAOULI', 100),
(1096, 'NOUZOUNKPA', 100),
(1097, 'ADJOHOUN', 101),
(1098, 'AVAKPA', 101),
(1099, 'GLOTOMEY', 101),
(1100, 'HOUKPOKPOUE', 101),
(1101, 'AHOTA', 102),
(1102, 'GBEDJI', 102),
(1103, 'GBEOVA', 102),
(1104, 'HANGNAN', 102),
(1105, 'HOUNKPA', 102),
(1106, 'LANMANDJI', 102),
(1107, 'SEBO', 102),
(1108, 'TANMEY', 102),
(1109, 'TOKPA', 102),
(1110, 'ZINDAGBA', 102),
(1111, 'ZOUNGOUDO', 102),
(1112, 'ALIGOUDO', 103),
(1113, 'DOVO', 103),
(1114, 'TANGA', 103),
(1115, 'TANGA-TODO', 103),
(1116, 'ZOUNGBOMEY', 103),
(1117, 'ADJADJI-ATINKOUSA', 104),
(1118, 'ADJADJI-BATA', 104),
(1119, 'ADJADJI-COSSOE', 104),
(1120, 'ADJADJI-ZOUNGBOMEY', 104),
(1121, 'AOTA', 104),
(1122, 'ATTOUHONOU', 104),
(1123, 'AZOHOUE-GBEDJICOME', 104),
(1124, 'AZOHOUE-HONGBO', 104),
(1125, 'DJOHOUNGBONOU', 104),
(1126, 'GBETO', 104),
(1127, 'HOUEGOUDO', 104),
(1128, 'LISSEGAZOUN', 104),
(1129, 'SOLOKOUE', 104),
(1130, 'ZOUNME-AGA', 104),
(1131, 'ADJRAKANDJI', 105),
(1132, 'AYAKPATA', 105),
(1133, 'AYAME', 105),
(1134, 'KPODJI', 105),
(1135, 'SEHOUNSA', 105),
(1136, 'TOGAZOUN', 105),
(1137, 'TOGO', 105),
(1138, 'WINYIKPA', 105),
(1139, 'ADIMALE', 106),
(1140, 'ADJADANGAN', 106),
(1141, 'AGBANDONOU', 106),
(1142, 'AGBANTOKPA', 106),
(1143, 'DODJI-ALIHO', 106),
(1144, 'DODJIDANGBAN', 106),
(1145, 'DOVENOU', 106),
(1146, 'GANDAHO', 106),
(1147, 'HEDJANNANSOUN', 106),
(1148, 'HOLLANSATIN', 106),
(1149, 'HOUNDADJA', 106),
(1150, 'MIGBEHOUE', 106),
(1151, 'SEHE', 106),
(1152, 'SEKOU', 106),
(1153, 'SOHOUN', 106),
(1154, 'VEHOUI', 106),
(1155, 'WEDJAME', 106),
(1156, 'WIBATIN', 106),
(1157, 'YAAHOUE', 106),
(1158, 'BOLI', 107),
(1159, 'GBEDJI', 107),
(1160, 'HOUNGBADO', 107),
(1161, 'KOTOVI', 107),
(1162, 'WOGO', 107),
(1163, 'ZOUNLEDJI', 107),
(1164, 'AHITO', 108),
(1165, 'ALLOMEY', 108),
(1166, 'AVAZOUNKPA', 108),
(1167, 'DAGLETA', 108),
(1168, 'DODOMEY', 108),
(1169, 'DOGOUDO', 108),
(1170, 'DOGOUDO CEG', 108),
(1171, 'DONOU', 108),
(1172, 'GBEGAMEY', 108),
(1173, 'GBOWELE', 108),
(1174, 'HOUINBATIN', 108),
(1175, 'SOKOUDENOU', 108),
(1176, 'SOYO', 108),
(1177, 'TOKPOTA', 108),
(1178, 'GOVIE', 109),
(1179, 'KPODJAVA', 109),
(1180, 'TOGO', 109),
(1181, 'ZEBOU', 109),
(1182, 'AGANMALOME-CENTRE', 110),
(1183, 'AIDJEDO', 110),
(1184, 'HESSA', 110),
(1185, 'KOUGBEDJI', 110),
(1186, 'KOUZOUME', 110),
(1187, 'LOKOSSA', 110),
(1188, 'NOUGBOYIFI', 110),
(1189, 'AGBANTO-MAGA', 111),
(1190, 'AGBANTO-SOTONCODJI', 111),
(1191, 'AGBANTO-ZOUNMIN', 111),
(1192, 'AGONVODJI-DAHO', 111),
(1193, 'AGONVODJI-KPEVI', 111),
(1194, 'GOGOTINKPONME', 111),
(1195, 'NAZOUME', 111),
(1196, 'ADJAGLO', 112),
(1197, 'ADJAME', 112),
(1198, 'AGONKANME CENTRE', 112),
(1199, 'ASSOGBENOU-DAHO', 112),
(1200, 'ASSOGBENOU-KPEVI', 112),
(1201, 'GODONOUTIN', 112),
(1202, 'GOME', 112),
(1203, 'KPOTA', 112),
(1204, 'OUSSA', 112),
(1205, 'COUFFONOU', 113),
(1206, 'DEDOME ACLOME', 113),
(1207, 'DEDOME KPODJI', 113),
(1208, 'HINMADOU', 113),
(1209, 'KPINDJAKANME', 113),
(1210, 'TELOKOE-AHOUYA', 113),
(1211, 'AHOUANGO AGBIDICOME', 114),
(1212, 'AHOUANGO HINSOCOME', 114),
(1213, 'AZIZONKANME', 114),
(1214, 'FONCOME', 114),
(1215, 'GLEGBOTONOU', 114),
(1216, 'HOUEDJRO', 114),
(1217, 'HOUEYOGBE', 114),
(1218, 'KPAGO', 114),
(1219, 'KPODJI ATINGO', 114),
(1220, 'KPODJI CLOTOME', 114),
(1221, 'SEBO', 114),
(1222, 'YEME', 114),
(1223, 'ATCHAKANME', 115),
(1224, 'DANZOUNME', 115),
(1225, 'GBEFADJI', 115),
(1226, 'SEGBEYA AKPOUTOUHOUE', 115),
(1227, 'SEGBEYA AMONLE', 115),
(1228, 'SEGBEYA ZOUNDOME', 115),
(1229, 'ADJATOKPA', 116),
(1230, 'GUEZOHOUE', 116),
(1231, 'SEGBOHOUE ASSITO', 116),
(1232, 'SEGBOHOUE CENTRE', 116),
(1233, 'TOKPA-DAHO', 116),
(1234, 'VOVIO', 116),
(1235, 'AMOUKONOU', 117),
(1236, 'GBEFADJI-AIDJEDO', 117),
(1237, 'GBETOZO', 117),
(1238, 'GBOHO', 117),
(1239, 'HINZOUME', 117),
(1240, 'HOUETON', 117),
(1241, 'HOUNGBOGBA', 117),
(1242, 'LOKOGBO GNONWA', 117),
(1243, 'LOKOGBO ZOUNTA', 117),
(1244, 'OUNTOUN', 117),
(1245, 'SECOME', 117),
(1246, 'XWLACOME', 117),
(1247, 'AIDJEDO', 118),
(1248, 'COCOUNDJI', 118),
(1249, 'DOGA', 118),
(1250, 'FIFADJI', 118),
(1251, 'GANGANHOULI', 118),
(1252, 'GBEDJEWIN ADJIBAMEY', 118),
(1253, 'HOUEGAN', 118),
(1254, 'LOKOSSA', 118),
(1255, 'MISSEBO', 118),
(1256, 'MISSITE', 118),
(1257, 'NONVIGNON', 118),
(1258, 'ADOUNKO', 119),
(1259, 'ADOUNKO AYIGNON', 119),
(1260, 'AGBANZIN-KPOTA', 119),
(1261, 'AGBANZIN-KPOTA ZOUNVLAME', 119),
(1262, 'AGOUIN', 119),
(1263, 'AHOUANDJI', 119),
(1264, 'AVLEKETE', 119),
(1265, 'HIO', 119),
(1266, 'HIO VINAWA', 119),
(1267, 'AGBANLINDJEHOUE', 120),
(1268, 'AIDO', 120),
(1269, 'DEGOUE', 120),
(1270, 'DJEGBADJI', 120),
(1271, 'DJONDJI', 120),
(1272, 'KOUVENANFIDE', 120),
(1273, 'MEKO', 120),
(1274, 'AMOULEHOUE', 121),
(1275, 'FONKOUNME', 121),
(1276, 'GAKPE', 121),
(1277, 'TOHONOU', 121),
(1278, 'AZIZAKOUE', 122),
(1279, 'DJEGBAME', 122),
(1280, 'GBEHONOU', 122),
(1281, 'GBEZOUNME', 122),
(1282, 'HOUAKPE-DAHO', 122),
(1283, 'SEYIGBE', 122),
(1284, 'TOLIGBE', 122),
(1285, 'ACADJAME', 123),
(1286, 'ADJRA-ADOVIE', 123),
(1287, 'ADJRA-HOUNVE', 123),
(1288, 'AHOUICODJI', 123),
(1289, 'AHOZON', 123),
(1290, 'HOUNDJAVA', 123),
(1291, 'HOUNHANMEDE', 123),
(1292, 'KPOVIE', 123),
(1293, 'PAHOU CENTRE', 123),
(1294, 'SELLOLI-BAZOUNKPA', 123),
(1295, 'ZOUNGOUDO', 123),
(1296, 'ADJOHOUNDJA-MONSO', 124),
(1297, 'ASSOGBENOU-DAHO', 124),
(1298, 'BOSSOUVI', 124),
(1299, 'DEKOUENOU', 124),
(1300, 'HOUEYIHO', 124),
(1301, 'MINANTINKPON', 124),
(1302, 'OUESSE', 124),
(1303, 'SAVI-HOUETON', 124),
(1304, 'ABATTA', 125),
(1305, 'AGBESSIKPE DJIKA', 125),
(1306, 'DANGBEHOUE', 125),
(1307, 'OKE-AGBEDE', 125),
(1308, 'SOGBADJI', 125),
(1309, 'ZOMAI', 125),
(1310, 'ZOMAI-KPOTA', 125),
(1311, 'ZOUNGBODJI CENTRE', 125),
(1312, 'AHOUANDJIGO', 126),
(1313, 'GANVE', 126),
(1314, 'GBENA-NORD', 126),
(1315, 'GBENA-SUD', 126),
(1316, 'GBETO-NORD', 126),
(1317, 'GBETO-SUD', 126),
(1318, 'HOUEDJEDO', 126),
(1319, 'LEBOU ALAFIA', 126),
(1320, 'LEBOU CAMPTO', 126),
(1321, 'AGBADJIHONTO', 127),
(1322, 'AGBANOU', 127),
(1323, 'FONSRAME', 127),
(1324, 'GOMEY', 127),
(1325, 'HEHOUNLI', 127),
(1326, 'KPASSE', 127),
(1327, 'YAMADJAKO', 127),
(1328, 'ZONGO MALECOME', 127),
(1329, 'DOCOMEY', 128),
(1330, 'TOVE KPASSEZOUNTO', 128),
(1331, 'TOVE ZOBETO', 128),
(1332, 'VASSEHO', 128),
(1333, 'WAGNIHO', 128),
(1334, 'WOMEY', 128),
(1335, 'AHOMEY-LOKPO CENTRE', 129),
(1336, 'AHOMEY-OUNMEY', 129),
(1337, 'ASSEDOKPA', 129),
(1338, 'BESSETONOU', 129),
(1339, 'HENI', 129),
(1340, 'KINTO AGUE', 129),
(1341, 'KINTO DOKPAKPA', 129),
(1342, 'KINTO OUDJRA', 129),
(1343, 'ZOUNGOMEY', 129),
(1344, 'ZOUNKPODE', 129),
(1345, 'ANAVIECOMEY', 130),
(1346, 'DJEKPE', 130),
(1347, 'KPAFE', 130),
(1348, 'KPOVIECOMEY', 130),
(1349, 'SAKOMEY', 130),
(1350, 'AGONMEKOMEY', 131),
(1351, 'AGOUNDANKOMEY', 131),
(1352, 'GANSOUGBAMEY', 131),
(1353, 'GBAMEY-TCHEWA', 131),
(1354, 'GOUNSOEDJI', 131),
(1355, 'HINDAGAO', 131),
(1356, 'KPASSIKOMEY', 131),
(1357, 'SOKOMEY', 131),
(1358, 'TOHOKOMEY', 131),
(1359, 'YOKAGAO', 131),
(1360, 'AGBONGAMEY', 132),
(1361, 'AHOUANMONGAO', 132),
(1362, 'DAKOMEY', 132),
(1363, 'DAKOMEY-YOHONOUKON', 132),
(1364, 'DOSSOUGAO', 132),
(1365, 'GOUNSOEGBAMEY', 132),
(1366, 'GUEDEVIE', 132),
(1367, 'GUEDEVIE-GBEGBESSA', 132),
(1368, 'HAVE', 132),
(1369, 'KINDJI', 132),
(1370, 'SINHOUNGBOMEY', 132),
(1371, 'DOMEGUEDJI', 133),
(1372, 'GANVIECOMEY', 133),
(1373, 'GBAGBODJI', 133),
(1374, 'GBEGBOME OUEKEKOME', 133),
(1375, 'GBEGODO', 133),
(1376, 'GBESSOU', 133),
(1377, 'GBLONTO', 133),
(1378, 'SOKOMEY', 133),
(1379, 'ANIANKOMEY', 134),
(1380, 'AVLEZOUNMEY', 134),
(1381, 'DOGODO', 134),
(1382, 'EGUEKOMEY', 134),
(1383, 'GBETINGAO', 134),
(1384, 'HLOUAZOUNMEY', 134),
(1385, 'HOUNHOUE', 134),
(1386, 'KPACOMEY', 134),
(1387, 'LOKPODJI', 134),
(1388, 'NONHOUETO', 134),
(1389, 'SO-CHANHOUETODO', 134),
(1390, 'SOMAI', 134),
(1391, 'TCHINANCOMEY', 134),
(1392, 'TOTAKOUN', 134),
(1393, 'VEKKY DAHO', 134),
(1394, 'VEKKY DOGBODJI', 134),
(1395, 'ZOUNHOMEY', 134),
(1396, 'AHOMEY DOMEY-ZOUNMEY', 135),
(1397, 'AHOMEY-FONSA', 135),
(1398, 'AHOMEY-GBEKPA', 135),
(1399, 'AHOMEY-GBLON', 135),
(1400, 'DOGODO', 135),
(1401, 'DOKODJI', 135),
(1402, 'HOUNDOMEY', 135),
(1403, 'SINDOMEY', 135),
(1404, 'AGUE', 136),
(1405, 'BADOVITA', 136),
(1406, 'HOUEGLE', 136),
(1407, 'KINZOUN', 136),
(1408, 'NIARIN', 136),
(1409, 'SEDJE', 136),
(1410, 'TAKON', 136),
(1411, 'AGBAME', 137),
(1412, 'BOSSOUVI', 137),
(1413, 'DOGOUDO', 137),
(1414, 'HELITA', 137),
(1415, 'HOUNYEME', 137),
(1416, 'KOUDJANANKO', 137),
(1417, 'ABOLOU', 138),
(1418, 'ADJAHO', 138),
(1419, 'AGAGA', 138),
(1420, 'AGBAGA', 138),
(1421, 'AGBLOME', 138),
(1422, 'AHOGBEME', 138),
(1423, 'CASSAGBO', 138),
(1424, 'DOWA', 138),
(1425, 'HONLI', 138),
(1426, 'SEDESSA ALIGOUDO', 138),
(1427, 'ZA', 138),
(1428, 'ZIMBENOU', 138),
(1429, 'ADJAKAME', 139),
(1430, 'AGBOTAGON', 139),
(1431, 'AGON', 139),
(1432, 'COGBO-CAMPEMENT', 139),
(1433, 'DAME CENTRE', 139),
(1434, 'DOLOUVI', 139),
(1435, 'GUEME', 139),
(1436, 'HESSAVI-COME', 139),
(1437, 'MAZOUNKPA', 139),
(1438, 'TOGO', 139),
(1439, 'DAME-GBEDJI', 140),
(1440, 'HOUNGO-DAME', 140),
(1441, 'HOUNGO-GOVE', 140),
(1442, 'KPOKPA', 140),
(1443, 'TOGOUDO', 140),
(1444, 'TOGOUIN', 140),
(1445, 'ZOHOUNKPO', 140),
(1446, 'ZOUNDJI', 140),
(1447, 'AKPE', 141),
(1448, 'HOUEGBO TOHOME', 141),
(1449, 'HOUEGBO-GARE', 141),
(1450, 'HOUENOUSSOU', 141),
(1451, 'YENAWA', 141),
(1452, 'ADJIDO', 142),
(1453, 'AGLADOKPA', 142),
(1454, 'AZONME', 142),
(1455, 'DOME', 142),
(1456, 'GANME', 142),
(1457, 'ACLONME', 143),
(1458, 'AGAGA', 143),
(1459, 'AGBOZOUNKPA', 143),
(1460, 'AKLISSA', 143),
(1461, 'BAKANME', 143),
(1462, 'FANDJI', 143),
(1463, 'SOME', 143),
(1464, 'VODJE', 143),
(1465, 'ZOUNGAME', 143),
(1466, 'AGAHOUNKPOKON', 144),
(1467, 'AGONME', 144),
(1468, 'AHLANKPA', 144),
(1469, 'AVISSA', 144),
(1470, 'AYAHONOU', 144),
(1471, 'AZONSA', 144),
(1472, 'KPOZOUNME', 144),
(1473, 'LANHONNOU', 144),
(1474, 'GBEDE-AGONSA', 145),
(1475, 'GOMEY', 145),
(1476, 'HOUNNOUVIE', 145),
(1477, 'SEDJI', 145),
(1478, 'TOFFO-GARE', 145),
(1479, 'ZEKO', 145),
(1480, 'AGUETA', 146),
(1481, 'AVAME CENTRE', 146),
(1482, 'GBEDJOUGO', 146),
(1483, 'HLA', 146),
(1484, 'HOUNGO', 146),
(1485, 'MASSETOME', 146),
(1486, 'DENOU', 147),
(1487, 'HAYAKPA', 147),
(1488, 'TANDAHOTA', 147),
(1489, 'AZOHOUE CADA HOUNGO', 148),
(1490, 'AZOHOUE CADA NORD', 148),
(1491, 'AZOHOUE CADA SUD', 148),
(1492, 'AZOHOUE-CADA CENTRE', 148),
(1493, 'AZONGO', 148),
(1494, 'GBEDAKONOU', 148),
(1495, 'KETESSA AGLADJI', 148),
(1496, 'ZOUNGBOME', 148),
(1497, 'ZOUNVESSEHOU', 148),
(1498, 'ADJAHASSA', 149),
(1499, 'ANAVIE', 149),
(1500, 'DOHINONKO', 149),
(1501, 'DOKANME', 149),
(1502, 'GBEGOUDO', 149),
(1503, 'GBETAGA', 149),
(1504, 'GBOHOUE', 149),
(1505, 'HETIN-YENAWA', 149),
(1506, 'HOUEDAGA', 149),
(1507, 'LOKOSSA', 149),
(1508, 'SOGBE', 149),
(1509, 'SOKLOGBO', 149),
(1510, 'TORI-CADA CENTRE', 149),
(1511, 'ZEBE', 149),
(1512, 'ZOUNGOUDO', 149),
(1513, 'AGAZOUN', 150),
(1514, 'AGOUAKO', 150),
(1515, 'AKADJAME', 150),
(1516, 'AYIKINKO', 150),
(1517, 'DOSSOU-SOMEY', 150),
(1518, 'GBEGOUDO', 150),
(1519, 'SEIGONME', 150),
(1520, 'TORI-GARE CENTRE', 150),
(1521, 'AGONKON', 151),
(1522, 'AHOUEME', 151),
(1523, 'AIDOHOUE', 151),
(1524, 'BOSSITO', 151),
(1525, 'FASSINOUHOKON', 151),
(1526, 'GBEDEWAHOUE', 151),
(1527, 'GBOVIE', 151),
(1528, 'HEKANDJI', 151),
(1529, 'HONVIE', 151),
(1530, 'HOUNGBAGBA', 151),
(1531, 'HOUNNONCO', 151),
(1532, 'KOKANHOUE', 151),
(1533, 'MAGUEVIE', 151),
(1534, 'TOCOLI', 151),
(1535, 'TOGOUDO', 151),
(1536, 'WANHO', 151),
(1537, 'ZOUNME', 151),
(1538, 'ADJAN', 152),
(1539, 'ADJAN-GLA', 152),
(1540, 'ADJAN-HOUETA', 152),
(1541, 'ANAGBO', 152),
(1542, 'DODJI-AGA', 152),
(1543, 'TANTA', 152),
(1544, 'WASSA', 152),
(1545, 'ZANZOUN', 152),
(1546, 'AGONZOUNKPA', 153),
(1547, 'AHOUALI', 153),
(1548, 'AKADJAME', 153),
(1549, 'DAWE-CENTRE', 153),
(1550, 'DOME-SEKO', 153),
(1551, 'TOMASSEAHOUA', 153),
(1552, 'AGOUNDJI', 154),
(1553, 'AWASSOU', 154),
(1554, 'DJIGBE-AGUE', 154),
(1555, 'DJIGBE-GBODJE', 154),
(1556, 'GBAGODO', 154),
(1557, 'SESSIVALI', 154),
(1558, 'WO-TOGOUDO', 154),
(1559, 'ADJAME', 155),
(1560, 'ADOHOUNSA', 155),
(1561, 'AGONDOTAN', 155),
(1562, 'AKOUEDJROMEDE', 155),
(1563, 'DJOKO', 155),
(1564, 'GANDAHO', 155),
(1565, 'GBETO-FONGBO', 155),
(1566, 'GONFANDJI', 155),
(1567, 'HOUNTAKON', 155),
(1568, 'KPATCHAME', 155),
(1569, 'WANKON', 155),
(1570, 'WEDJI', 155),
(1571, 'AGBATA', 156),
(1572, 'AKPALIHONOU', 156),
(1573, 'AWOKPA', 156),
(1574, 'GBOZOUNME', 156),
(1575, 'HEKANME', 156),
(1576, 'HOUEDOTA', 156),
(1577, 'HOUEDOTA-DJOKO', 156),
(1578, 'HOUEHOUNTA', 156),
(1579, 'MANGASSA', 156),
(1580, 'TOGOUDO', 156),
(1581, 'AIFA', 157),
(1582, 'HOUEGNONKPA', 157),
(1583, 'HOUEHOUNTA-TOZOUNKPA', 157),
(1584, 'KOUNDOKPOE', 157),
(1585, 'TANGNIGBADJI', 157),
(1586, 'TOGBONOU', 157),
(1587, 'WEDJAME', 157),
(1588, 'AGBOHOUNSOU', 158),
(1589, 'AGONDENOU', 158),
(1590, 'AGONGBO', 158),
(1591, 'AGUIAKPA', 158),
(1592, 'SEDJE-DENOU', 158),
(1593, 'SEDJE-KPOTA', 158),
(1594, 'SEDJE-ZOUNMEY-AGA', 158),
(1595, 'AGLANGBIN', 159),
(1596, 'AHOZONNOUDE', 159),
(1597, 'AKPOMEY', 159),
(1598, 'AYAHOUNTA-FIFADJI', 159),
(1599, 'BODJI', 159),
(1600, 'MISSEBO', 159),
(1601, 'SEDJANNAKO', 159),
(1602, 'SEDJE-HOUEGOUDO', 159),
(1603, 'ADJAGO', 160),
(1604, 'AGBODJEDO', 160),
(1605, 'ANAVIE', 160),
(1606, 'AVLESSA', 160),
(1607, 'AZONKANME', 160),
(1608, 'DJITIN-AGA', 160),
(1609, 'GLEGBODJI AGAH', 160),
(1610, 'GLEGBODJI DO', 160),
(1611, 'HOUEZE', 160),
(1612, 'TANGBO-AGA', 160),
(1613, 'TANGBO-DO', 160),
(1614, 'TANMEY', 160),
(1615, 'YEVI', 160),
(1616, 'ADJAKPA', 161),
(1617, 'ADJRAKO', 161),
(1618, 'AWONSEDJA', 161),
(1619, 'HOUNLIKO', 161),
(1620, 'HOUNSAGOUDO', 161),
(1621, 'KOUDJANNADA-TOTA', 161),
(1622, 'WAWATA-DANDJI', 161),
(1623, 'WAWATA-ZOUNTO', 161),
(1624, 'YOKPO-CENTRE', 161),
(1625, 'AKPALI', 162),
(1626, 'AKPALI-DO', 162),
(1627, 'DOKOTA', 162),
(1628, 'DOKOTA-AGA', 162),
(1629, 'GOULO', 162),
(1630, 'GUEKOUMEDE', 162),
(1631, 'HAVIKPA', 162),
(1632, 'HOUEDAZOUNKPA', 162),
(1633, 'SODJI', 162),
(1634, 'WAGA', 162),
(1635, 'ZANNOUDJI', 162),
(1636, 'ZE', 162),
(1637, 'ZE-WEDJI', 162),
(1638, 'ZOUNGBOMEY', 162),
(1639, 'BEROUBOUAY PEULH', 163),
(1640, 'BEROUBOUAY-EST', 163),
(1641, 'BEROUBOUAY-OUEST', 163),
(1642, 'BOURATEBE', 163),
(1643, 'KABANOU', 163),
(1644, 'KONGOU', 163),
(1645, 'KONGOU-PEULH', 163),
(1646, 'SOMBOUAN', 163),
(1647, 'SOMBOUAN-PARIS', 163),
(1648, 'BORO', 164),
(1649, 'BOUANRI-GOUROU', 164),
(1650, 'BOUANRI-MARO', 164),
(1651, 'BOUANRI-SONGOURA', 164),
(1652, 'GANDO-BOROU', 164),
(1653, 'GBEROU-DABA', 164),
(1654, 'GUERA-N\'KALI', 164),
(1655, 'GUERA-N\'KALI-TASSI', 164),
(1656, 'KASSAROU', 164),
(1657, 'KASSAROU GNEL BABI', 164),
(1658, 'SISSIGOUROU', 164),
(1659, 'TEME', 164),
(1660, 'BAOURA', 165),
(1661, 'BEREKE-GANDO', 165),
(1662, 'BEREKE-GOUROU', 165),
(1663, 'BOKE', 165),
(1664, 'BOUAY', 165),
(1665, 'BOURI', 165),
(1666, 'DANTCHA', 165),
(1667, 'GAMIA-EST', 165),
(1668, 'GAMIA-OUEST', 165),
(1669, 'GANRO', 165),
(1670, 'GUESSOU-NORD', 165),
(1671, 'KPEBERA', 165),
(1672, 'MANI-BOKE', 165),
(1673, 'TIMBOURE', 165),
(1674, 'GOUA', 166),
(1675, 'GUESSOU-BANM TAKA', 166),
(1676, 'GUESSOU-BANM TAKA-OUEST', 166),
(1677, 'GUESSOU-BANM TAKA-PEULH', 166),
(1678, 'INA', 166),
(1679, 'INA-EST', 166),
(1680, 'INA-GANDO', 166),
(1681, 'INA-OUEST', 166),
(1682, 'INA-PEULH', 166),
(1683, 'KONOU', 166),
(1684, 'SIKOURO', 166),
(1685, 'WODORA', 166),
(1686, 'WONKA-GOUROU', 166),
(1687, 'BEMBEREKE PEULH', 167),
(1688, 'BEMBEREKE-EST', 167),
(1689, 'BEMBEREKE-OUEST', 167),
(1690, 'BEROU', 167),
(1691, 'GAMARE', 167),
(1692, 'GANDO', 167),
(1693, 'GUERE', 167),
(1694, 'KENEKOU', 167),
(1695, 'KEROUKPOGO', 167),
(1696, 'KOKABO', 167),
(1697, 'KOSSOU', 167),
(1698, 'PEDAROU', 167),
(1699, 'SAORE', 167),
(1700, 'WANRAROU', 167),
(1701, 'BANAGBASSON', 168),
(1702, 'BANEZI', 168),
(1703, 'BANEZI PEULH', 168),
(1704, 'BASSO', 168),
(1705, 'BASSO-PEULH', 168),
(1706, 'GAWEZI', 168),
(1707, 'GBEKONA', 168),
(1708, 'GOROGAWO', 168),
(1709, 'LADOUGA', 168),
(1710, 'NEGANZI', 168),
(1711, 'NEGANZI-PEULH', 168),
(1712, 'ADA-KPANE', 169),
(1713, 'BESSASSI-BOUCA', 169),
(1714, 'BOUCA', 169),
(1715, 'BOUCA-GANDO', 169),
(1716, 'BOUCA-PEULH', 169),
(1717, 'BOUCA-WOOROU', 169),
(1718, 'BOURAOURE', 169),
(1719, 'GANDO-GOUROU', 169),
(1720, 'GBASSI', 169),
(1721, 'GBASSI-GANDO', 169),
(1722, 'GBEROUGBASSI', 169),
(1723, 'GNEL-BOUCATOU', 169),
(1724, 'KAALA', 169),
(1725, 'KAREL', 169),
(1726, 'KOUREL', 169),
(1727, 'SEREGOUROU', 169),
(1728, 'ALAFIAROU-DERASSI', 170),
(1729, 'DERASSI', 170),
(1730, 'GANNOURE-HERE', 170),
(1731, 'GNEL-KELE', 170),
(1732, 'GUIRI-GANDO', 170),
(1733, 'GUIRI-PEULH', 170),
(1734, 'KAKATINNIN', 170),
(1735, 'MAREGUINTA', 170),
(1736, 'MATCHORE', 170),
(1737, 'TOUCARE', 170),
(1738, 'WONKO', 170),
(1739, 'ALAFIAROU-GANDO', 171),
(1740, 'BATIN', 171),
(1741, 'DADI', 171),
(1742, 'DANGOROU', 171),
(1743, 'DJEGA-DUNKASSA', 171),
(1744, 'DJILIDJALARE', 171),
(1745, 'DUNKASSA', 171),
(1746, 'DUNKASSA-PEULH', 171),
(1747, 'GBESSAKPEROU', 171),
(1748, 'GNEL-GAMADJE', 171),
(1749, 'GOROBANI', 171),
(1750, 'KIRICOUBE', 171),
(1751, 'OUENAGOUROU', 171),
(1752, 'ANGARADEBOU', 172),
(1753, 'BAGARIA', 172),
(1754, 'BOA', 172),
(1755, 'BOA-GANDO', 172),
(1756, 'GANDO-BAKA', 172),
(1757, 'GBEI', 172),
(1758, 'GNEL-DJOBO', 172),
(1759, 'GNEL-YAKAN', 172),
(1760, 'GOSSODJI', 172),
(1761, 'KORODJI', 172),
(1762, 'PEONGA', 172),
(1763, 'BESSASSI', 173),
(1764, 'BESSASSI-BEA', 173),
(1765, 'BESSASSI-GANDO', 173),
(1766, 'DANGANZI', 173),
(1767, 'DJEGA-KALALE', 173),
(1768, 'GOUDEMA', 173),
(1769, 'KALALE', 173),
(1770, 'KALALE-PEULH', 173),
(1771, 'KALALE-SESSOUAN', 173),
(1772, 'KALALE-ZINA', 173),
(1773, 'KIDAROUKPEROU', 173),
(1774, 'LOU', 173),
(1775, 'NASSICONZI', 173),
(1776, 'SEBANA', 173),
(1777, 'WOBADJE', 173),
(1778, 'YOLLA', 173),
(1779, 'ZAMBARA', 173),
(1780, 'ANGARADEBOU', 174),
(1781, 'BIO-SIKA', 174),
(1782, 'BORI', 174),
(1783, 'BORI-N\'DARNON', 174),
(1784, 'BORI-PEULH', 174),
(1785, 'DARNON-GOUROU', 174),
(1786, 'GBITEBOU', 174),
(1787, 'GOUNIN', 174),
(1788, 'KORI', 174),
(1789, 'MAREGOUROU', 174),
(1790, 'MAREGOUROU-PEULH', 174),
(1791, 'SONNOUMON', 174),
(1792, 'SONNOUMON-GANDO', 174),
(1793, 'SONNOUMON-PEULH', 174),
(1794, 'SOUAROU', 174),
(1795, 'TEME', 174),
(1796, 'TEME-PEULH', 174),
(1797, 'ALAFIAROU', 175),
(1798, 'BINASSI', 175),
(1799, 'DARNON', 175),
(1800, 'DOUROUBE', 175),
(1801, 'GBEGOUROU', 175),
(1802, 'GUESSOU', 175),
(1803, 'SINAWOURAROU', 175),
(1804, 'BANHOUN-KPO', 176),
(1805, 'BOUNIN', 176),
(1806, 'BOUYEROU', 176),
(1807, 'DANKOUROU', 176),
(1808, 'GAH-WINRA', 176),
(1809, 'MOUSSOUKOURE', 176),
(1810, 'OUENOU', 176),
(1811, 'OUENOU-PEULH', 176),
(1812, 'POURAMPARE', 176),
(1813, 'TAMAROU', 176),
(1814, 'WARIKPA', 176),
(1815, 'WEREKE', 176),
(1816, 'BOKO', 177),
(1817, 'DABOU', 177),
(1818, 'GAH ALEROU', 177),
(1819, 'GAH-SANKOUNIN', 177),
(1820, 'GANDOU-NOMBA', 177),
(1821, 'GBEGUINA', 177),
(1822, 'KAKARA', 177),
(1823, 'KOMIGUEA', 177),
(1824, 'MAREBOROU', 177),
(1825, 'SAKAROU', 177),
(1826, 'SAMOUNIN', 177),
(1827, 'SIRAROU', 177),
(1828, 'TINRE', 177),
(1829, 'TOUNRE', 177),
(1830, 'YANKOI', 177),
(1831, 'BANHOUN', 178),
(1832, 'BANHOUN-GANDO', 178),
(1833, 'KERI', 178),
(1834, 'N\'DALI-PEULH', 178),
(1835, 'SAKAROU', 178),
(1836, 'SINISSON', 178),
(1837, 'SUANIN', 178),
(1838, 'TEPA', 178),
(1839, 'TREBOUN', 178),
(1840, 'WARI-GOURA', 178),
(1841, 'WOASSON', 178),
(1842, 'WOBAKAROU', 178),
(1843, 'YEROUMAROU', 178),
(1844, 'BIRO', 179),
(1845, 'GNANHOUN', 179),
(1846, 'MASSIAGOUROU', 179),
(1847, 'NALLOU', 179),
(1848, 'NINGOUAROU', 179),
(1849, 'OURAROU', 179),
(1850, 'SONSONRE', 179),
(1851, 'TEBO', 179),
(1852, 'GBARI', 180),
(1853, 'GNELTOKO', 180),
(1854, 'GNONKOURAKALI', 180),
(1855, 'GOUROU-PIBOU', 180),
(1856, 'GUEMA', 180),
(1857, 'GUINROU', 180),
(1858, 'GUINROU-PEULH', 180),
(1859, 'SOUBO-BARAWOROU', 180),
(1860, 'SOUBO-GANDEROU', 180),
(1861, 'WOROUMANGASSAROU', 180),
(1862, 'ALAFIAROU', 181),
(1863, 'FOMBAWI', 181),
(1864, 'GNELKIRADJE', 181),
(1865, 'GNELSANDA', 181),
(1866, 'GOSSOGUI-GOUREBATA', 181),
(1867, 'GOTEL', 181),
(1868, 'GOURE BABA', 181),
(1869, 'OUENOU-NIKKI', 181),
(1870, 'OUROUMON', 181),
(1871, 'OUROUMONSI-PEULH', 181),
(1872, 'SANSI', 181),
(1873, 'TCHICANDOU', 181),
(1874, 'WEKETERE', 181),
(1875, 'BAANI', 182),
(1876, 'GANROU', 182),
(1877, 'GANROU-PEULH', 182),
(1878, 'GBEGOUROU', 182),
(1879, 'KASSAPERE', 182),
(1880, 'KONI', 182),
(1881, 'MOUSSOURE', 182),
(1882, 'OUENRA-PEULH', 182),
(1883, 'SEREKALI-BAKA', 182),
(1884, 'SEREWONDIROU', 182),
(1885, 'YAO-GOUROU', 182),
(1886, 'YORAROU', 182),
(1887, 'BANTERE', 183),
(1888, 'CHEIN-DAROUKPARA', 183),
(1889, 'DANNON', 183),
(1890, 'DAROUKPARA', 183),
(1891, 'GANCHON', 183),
(1892, 'SOUMAROU', 183),
(1893, 'SUYA', 183),
(1894, 'CHEIN-TASSO', 184),
(1895, 'DEMAN', 184),
(1896, 'FO-DAROU', 184),
(1897, 'GAN-GBEROU', 184),
(1898, 'GBABIRE', 184),
(1899, 'GORE', 184),
(1900, 'KPEBOURABOU', 184),
(1901, 'SINANGOUROU', 184),
(1902, 'TANAKPE', 184),
(1903, 'TASSO', 184),
(1904, 'ANGANKIROU', 185),
(1905, 'BARKEDJE', 185),
(1906, 'BAROUGOUROUSSI', 185),
(1907, 'BELLE', 185),
(1908, 'BOO', 185),
(1909, 'BOUKANERE', 185),
(1910, 'DANRI', 185),
(1911, 'DONKPARAWI', 185),
(1912, 'GAH-MARO', 185),
(1913, 'GAH-MARO-PEULH', 185),
(1914, 'GBAOUSSI', 185),
(1915, 'GBAOUSSI-KPAA', 185),
(1916, 'GORI', 185),
(1917, 'GOURE-GBATA', 185),
(1918, 'GOUROU', 185),
(1919, 'GUIDANDOLE', 185),
(1920, 'KALI', 185),
(1921, 'KOUSSOUKOU', 185),
(1922, 'KPARISSEROU', 185),
(1923, 'KPAWOLOU', 185),
(1924, 'MARO', 185),
(1925, 'MONNON', 185),
(1926, 'SAKABANSI', 185),
(1927, 'SONWORE', 185),
(1928, 'TAKOU', 185),
(1929, 'TEPA', 185),
(1930, 'TONTAROU', 185),
(1931, 'TONTAROU-PEULH', 185),
(1932, 'TOTOROU', 185),
(1933, 'WONKO', 185),
(1934, 'YAKO-KPAROU', 185),
(1935, 'ALAGA', 186),
(1936, 'ALBARIKA', 186),
(1937, 'BAKINKOURA', 186),
(1938, 'BAKPEROU', 186),
(1939, 'BANIKANNI-DOUWEROU', 186),
(1940, 'BEYAROU', 186),
(1941, 'BOSSO-CAMPS-PEULHS', 186),
(1942, 'BOUNDAROU', 186),
(1943, 'CAMP-ADAGBE', 186),
(1944, 'DAMAGOUROU', 186),
(1945, 'DEPOT', 186),
(1946, 'GAANON', 186),
(1947, 'GOUNIN', 186),
(1948, 'KABASSIRA', 186),
(1949, 'KADERA', 186),
(1950, 'KPEBIE', 186),
(1951, 'KPEROU-GUERA', 186),
(1952, 'MADINA', 186),
(1953, 'MONNON', 186),
(1954, 'OUEZE', 186),
(1955, 'SAWARAROU', 186),
(1956, 'SINAGOUROU', 186),
(1957, 'SOUROU', 186),
(1958, 'THIAN', 186),
(1959, 'TITIROU', 186),
(1960, 'TOUROU-DISPENSAIRE', 186),
(1961, 'TOUROU-PALAIS-ROYAL', 186),
(1962, 'WOROU-TOKOROU', 186),
(1963, 'ZAZIRA', 186),
(1964, 'AGBA AGBA', 187),
(1965, 'ASSAGBININ BAKA', 187),
(1966, 'BAKOUNOUROU', 187),
(1967, 'BANIKANNI', 187),
(1968, 'BANIKANNI-ENI', 187),
(1969, 'BANIKANNI-MADJATOM', 187),
(1970, 'BAPARAPE', 187),
(1971, 'GOROMOSSO', 187),
(1972, 'KOROBOROROU', 187),
(1973, 'KOROBOROROU-PEULH', 187),
(1974, 'LADJIFARANI', 187),
(1975, 'LADJIFARANI-PETIT PERE', 187),
(1976, 'LEMANDA', 187),
(1977, 'NIMA-SOKOUNON', 187),
(1978, 'ROSE-CROIX BAH MORA', 187),
(1979, 'WOUBEKOU-GAH', 187),
(1980, 'ZONGO-ZENON', 187),
(1981, 'AMANWIGNON', 188),
(1982, 'DOKPAROU', 188),
(1983, 'GAH', 188),
(1984, 'GANOU', 188),
(1985, 'GBIRA', 188),
(1986, 'GUEMA', 188),
(1987, 'NIKKIKPEROU', 188),
(1988, 'SWINROU-KPASSAGAMBOU', 188),
(1989, 'TRANZA', 188),
(1990, 'WANSIROU', 188),
(1991, 'WORE', 188),
(1992, 'ZONGO', 188),
(1993, 'ASSAGNAHOUN', 189),
(1994, 'BORO', 189),
(1995, 'DIGUIDIROU', 189),
(1996, 'DIGUIDIROU-PEULH', 189),
(1997, 'GNINSY', 189),
(1998, 'GNINSY-GANDO', 189),
(1999, 'GNINSY-PEULH', 189),
(2000, 'GOROBANI', 189),
(2001, 'KOUKOUMBOU', 189),
(2002, 'SANDILO', 189),
(2003, 'SANDILO-GANDO', 189),
(2004, 'SANREKOU', 189),
(2005, 'SOMBIRIKPEROU', 189),
(2006, 'BANIGOUROU', 190),
(2007, 'BEREKOUDO', 190),
(2008, 'BOUGNANKOU', 190),
(2009, 'GAH-MARO', 190),
(2010, 'GANDO-ALAFIAROU', 190),
(2011, 'GBANDE', 190),
(2012, 'GOMMEY', 190),
(2013, 'GOUNKPARE', 190),
(2014, 'GUINAGOUROU', 190),
(2015, 'GUINAGOUROU-PEULH', 190),
(2016, 'KABADOU', 190),
(2017, 'KPAWOLOU', 190),
(2018, 'NANIN', 190),
(2019, 'NASSY', 190),
(2020, 'NASSY-GANDO', 190),
(2021, 'OGAMOIN', 190),
(2022, 'SINANIMOIN', 190),
(2023, 'SONON', 190),
(2024, 'WOKPAROU', 190),
(2025, 'WONDOU', 190),
(2026, 'GUINRO', 191),
(2027, 'KPEBIE', 191),
(2028, 'KPEBIE-GANDO', 191),
(2029, 'TCHORI', 191),
(2030, 'WON', 191),
(2031, 'BOUGNEROU', 192),
(2032, 'PANE-GUEA', 192),
(2033, 'TABEROU', 192),
(2034, 'ALAFIAROU', 193),
(2035, 'BANI-PEULH', 193),
(2036, 'BONROU', 193),
(2037, 'BONROU-GANDO', 193),
(2038, 'GBAMON', 193),
(2039, 'SONTOU', 193),
(2040, 'BAWERA', 194),
(2041, 'BOHEROU', 194),
(2042, 'BOKEROU', 194),
(2043, 'BORIKIROU', 194),
(2044, 'KOUSSO', 194),
(2045, 'NIMA-BERI', 194),
(2046, 'OURAROU', 194),
(2047, 'PERERE-GOUROU', 194),
(2048, 'PERERE-PEULH', 194),
(2049, 'SAKPAROU', 194),
(2050, 'SORIA', 194),
(2051, 'SOUBADO', 194),
(2052, 'TISSEROU', 194),
(2053, 'WOROKPO', 194),
(2054, 'FO-BOUKO', 195),
(2055, 'FO-BOURE', 195),
(2056, 'FO-BOURE-PEULH', 195),
(2057, 'GAMAGUI', 195),
(2058, 'NAREROU', 195),
(2059, 'SAKAROU', 195),
(2060, 'SEROU', 195),
(2061, 'SOKKA', 195),
(2062, 'SONKOROU', 195),
(2063, 'TOUME', 195),
(2064, 'KPARO', 196),
(2065, 'SEKERE-GANDO', 196),
(2066, 'SEKERE-MARO', 196),
(2067, 'SEKERE-PEULH', 196),
(2068, 'SEKO-KPAROU', 196),
(2069, 'YARRA-BARIBA', 196),
(2070, 'YARRA-GANDO', 196),
(2071, 'YARRA-KOURI', 196),
(2072, 'YARRA-PEULH', 196),
(2073, 'DOMBOURI', 197),
(2074, 'GAH-BAKA', 197),
(2075, 'GORO-BANI', 197),
(2076, 'MONSI', 197),
(2077, 'SIKKI-GANDO', 197),
(2078, 'SIKKI-GOUROU', 197),
(2079, 'SIKKI-MARO', 197),
(2080, 'WARI', 197),
(2081, 'WARI-GANDO', 197),
(2082, 'WARI-PEULH', 197),
(2083, 'BOURO', 198),
(2084, 'DIADIA', 198),
(2085, 'DIDI', 198),
(2086, 'GAKPEROU', 198),
(2087, 'GNANRO-BAATONWOROU', 198),
(2088, 'GNANRO-GANDO', 198),
(2089, 'GOURE-GUESSOU', 198),
(2090, 'GOUROU', 198),
(2091, 'GOUROU-KPEROU', 198),
(2092, 'GUESSOU-BANI', 198),
(2093, 'GUESSOU-BANI-PEULH', 198),
(2094, 'HAOUSSA', 198),
(2095, 'KOSSIA', 198),
(2096, 'LEMANOU', 198),
(2097, 'AGBASSA', 199),
(2098, 'AGRAMAROU', 199),
(2099, 'ALAFIAROU', 199),
(2100, 'AYEGOUROU', 199),
(2101, 'BABAROU', 199),
(2102, 'KODA', 199),
(2103, 'KOKO', 199),
(2104, 'OLOUNGBE', 199),
(2105, 'ADAMOU-KPARA', 200),
(2106, 'BANIGRI', 200),
(2107, 'BETEROU', 200),
(2108, 'KAKI KOKA', 200),
(2109, 'KPAWA', 200),
(2110, 'KPESSOU', 200),
(2111, 'OUBEROU', 200),
(2112, 'SINAHOU', 200),
(2113, 'SOMOU-GAH', 200),
(2114, 'TCHOKPASSI', 200),
(2115, 'WARI-MARO', 200),
(2116, 'YEBESSI', 200),
(2117, 'GAH-GOUROU', 201),
(2118, 'GBEBA', 201),
(2119, 'GORO', 201),
(2120, 'NIM SOUAMBOU', 201),
(2121, 'BONWOUBEROU', 202),
(2122, 'BOUAY', 202),
(2123, 'CAMP ZATO', 202),
(2124, 'GOUROUBARA', 202),
(2125, 'KABO', 202),
(2126, 'KIKA', 202),
(2127, 'KIKA-BARRAGE', 202),
(2128, 'KOKOBE', 202),
(2129, 'KPARI', 202),
(2130, 'KPASSA', 202),
(2131, 'KPEWONKOU', 202),
(2132, 'MONRAWONKOUROU', 202),
(2133, 'NANNONROU', 202),
(2134, 'SONNA', 202),
(2135, 'SUI-GOUROU', 202),
(2136, 'TANDOU', 202),
(2137, 'TANGUE', 202),
(2138, 'TOUROU-SOUANRE', 202),
(2139, 'WARANKPEROU', 202),
(2140, 'WINRA', 202),
(2141, 'YEROUMAROU', 202),
(2142, 'AMADOU-KPARA', 203),
(2143, 'BAREROU', 203),
(2144, 'GBETEBOU', 203),
(2145, 'GOMBOUEROU', 203),
(2146, 'KAYA', 203),
(2147, 'KPASSATONA', 203),
(2148, 'SANSON', 203),
(2149, 'SEBOU', 203),
(2150, 'TEOU-KPARA', 203),
(2151, 'TOKO-BIO', 203),
(2152, 'ATIRA-KPAROU', 204),
(2153, 'BADEKPAROU', 204),
(2154, 'BOUKOUSSERA', 204),
(2155, 'GARAROU', 204),
(2156, 'GBEKPANIN', 204),
(2157, 'GOKANNA', 204),
(2158, 'GOUSSOUAMBOU', 204),
(2159, 'KINNOU-KPAROU', 204),
(2160, 'KONTOUBAROU', 204),
(2161, 'KOUBOU', 204),
(2162, 'SAKANA-KPEBA', 204),
(2163, 'SOUMON-GAH', 204),
(2164, 'TCHATCHOU', 204);
INSERT INTO `neighborhoods` (`id`, `name`, `district_id`) VALUES
(2165, 'TEKPAROU', 204),
(2166, 'TOUKOSSARI', 204),
(2167, 'WORIA', 204),
(2168, 'AKOUNDANMON', 205),
(2169, 'BORONIN', 205),
(2170, 'BORORI', 205),
(2171, 'DAGBARA-GOUROU', 205),
(2172, 'GAH-KPENOU', 205),
(2173, 'GANGO', 205),
(2174, 'GBEYEKEROU', 205),
(2175, 'GUINIROU', 205),
(2176, 'KASSOUALA', 205),
(2177, 'KERA', 205),
(2178, 'KPAKPANIN', 205),
(2179, 'LAFIA-BIDO', 205),
(2180, 'OWODE', 205),
(2181, 'TCHALLA', 205),
(2182, 'TCHAOUROU', 205),
(2183, 'TCHAOUROU-GOBI-ALEDJI', 205),
(2184, 'TCHAOUROU-ISSALE', 205),
(2185, 'WOROGUI-GOURA', 205),
(2186, 'YAMBOUAN', 205),
(2187, 'CLOUBOU', 206),
(2188, 'KADJOGBE', 206),
(2189, 'N\'TCHOCHE', 206),
(2190, 'N\'TCHON', 206),
(2191, 'BANON', 207),
(2192, 'ILLAGBO', 207),
(2193, 'ILLARE', 207),
(2194, 'OKOTO', 207),
(2195, 'AGBON', 208),
(2196, 'ALOBA', 208),
(2197, 'ATOKOLIBE', 208),
(2198, 'MALOMI', 208),
(2199, 'ODJOGBILE', 208),
(2200, 'OGUEDE', 208),
(2201, 'OKOUTA-ORO', 208),
(2202, 'ASSABA', 209),
(2203, 'BOBE', 209),
(2204, 'DJAGBALLO', 209),
(2205, 'FOMON', 209),
(2206, 'SOULA', 209),
(2207, 'GALATA', 210),
(2208, 'GALATA-IGBERI', 210),
(2209, 'GBEDJE', 210),
(2210, 'GOUKA', 210),
(2211, 'KAFEGNIGBE', 210),
(2212, 'KAMALA-IDJOU', 210),
(2213, 'MAMATCHOKE', 210),
(2214, 'MAYAMON', 210),
(2215, 'MONTEWO-ATAKE-AGBADO', 210),
(2216, 'SAKO', 210),
(2217, 'ZONGO', 210),
(2218, 'AKPAKA', 211),
(2219, 'ISSALE', 211),
(2220, 'ITCHOCOBO', 211),
(2221, 'AGONGNI', 212),
(2222, 'ALETAN', 212),
(2223, 'GOTCHA', 212),
(2224, 'KOTAKPA', 212),
(2225, 'ADJIGO', 213),
(2226, 'AYIGBO-KOTO', 213),
(2227, 'DJERO', 213),
(2228, 'ELA-META', 213),
(2229, 'IDI-OGOU', 213),
(2230, 'OKE-KAGOURE', 213),
(2231, 'OKOUTA-OSSE', 213),
(2232, 'ADJANTE', 214),
(2233, 'BASSON', 214),
(2234, 'GBEGAMEY', 214),
(2235, 'ILLELAKOUN', 214),
(2236, 'AGONDOKPO', 215),
(2237, 'AKOFFODJOULE', 215),
(2238, 'ATTINKPAYE', 215),
(2239, 'BANIGBE', 215),
(2240, 'BETECOUCOU', 215),
(2241, 'HOLLI-GAMBA-ITCHEDOUN', 215),
(2242, 'N\'GBEGA', 215),
(2243, 'AWAYA', 216),
(2244, 'DOVI-SOME', 216),
(2245, 'GBAFFO', 216),
(2246, 'GNONKPINGNON', 216),
(2247, 'ATAKE', 217),
(2248, 'EROKOWARI', 217),
(2249, 'GODOGOSSOU', 217),
(2250, 'IGOHO', 217),
(2251, 'ITAGUI', 217),
(2252, 'KERE', 217),
(2253, 'KPAKPADA-AGBAKOSSARE', 217),
(2254, 'ODO-OTCHERE', 217),
(2255, 'OKEMERE', 217),
(2256, 'TANGBE', 217),
(2257, 'TINI-KODJATCHAN', 217),
(2258, 'ADIHINLIDJI', 218),
(2259, 'BAKEMA', 218),
(2260, 'FITA', 218),
(2261, 'KPINGNI', 218),
(2262, 'TOGON', 218),
(2263, 'VEDJI', 218),
(2264, 'ZOUGOUDO', 218),
(2265, 'AGBAGOULE', 219),
(2266, 'EROKOYA', 219),
(2267, 'KPAKPA', 219),
(2268, 'LEMA', 219),
(2269, 'AGBOGBOME', 220),
(2270, 'AGNANME', 220),
(2271, 'ASSIYO', 220),
(2272, 'DOME', 220),
(2273, 'GBEDAVO', 220),
(2274, 'GBOWELE', 220),
(2275, 'GOUSSOE', 220),
(2276, 'HASSEOU', 220),
(2277, 'HOUNKPOGON', 220),
(2278, 'KINDJI', 220),
(2279, 'LISSA', 220),
(2280, 'LOKOSSA', 220),
(2281, 'LOTOGO', 220),
(2282, 'MANONFI', 220),
(2283, 'OUEME', 220),
(2284, 'OUISSI', 220),
(2285, 'SOVOGO', 220),
(2286, 'VIDJINNATOUN', 220),
(2287, 'ZOTEDJI', 220),
(2288, 'ZOUTO', 220),
(2289, 'AGAO', 221),
(2290, 'AGBONDJEDO', 221),
(2291, 'AKOBA', 221),
(2292, 'DJIGBE', 221),
(2293, 'DOGBO', 221),
(2294, 'GBONOU', 221),
(2295, 'LAMANOU', 221),
(2296, 'MINIFFI', 221),
(2297, 'SOURHEDJI-OKPE OLOUWA', 221),
(2298, 'TCHAOUNKA', 221),
(2299, 'ADJALE', 222),
(2300, 'ADJOKAN', 222),
(2301, 'GANKPETIN', 222),
(2302, 'ITCHEGOU', 222),
(2303, 'ITCHOGUE-SOTRE', 222),
(2304, 'KPEKPEDE', 222),
(2305, 'LEMA', 222),
(2306, 'SEME', 222),
(2307, 'TCHAMISSI-LAGUEMA-ATAKEAGBASSA', 222),
(2308, 'AGBEGBE', 223),
(2309, 'AMANGASSA', 223),
(2310, 'ARIGBOKOTO', 223),
(2311, 'ESSEBRE', 223),
(2312, 'ESSEKPA', 223),
(2313, 'LATIN', 223),
(2314, 'YARA', 223),
(2315, 'ZONGO', 223),
(2316, 'AKPARI-AROBASSA', 224),
(2317, 'AYEDERO', 224),
(2318, 'AYETOU', 224),
(2319, 'BETOU', 224),
(2320, 'ESSEKPRE', 224),
(2321, 'IDAHO', 224),
(2322, 'ILOULE', 224),
(2323, 'ISSALOU', 224),
(2324, 'KPEKOUTE', 224),
(2325, 'MAHOU', 224),
(2326, 'MODJI-GANGAN', 224),
(2327, 'MOUDJA', 224),
(2328, 'MOUMOUDJI', 224),
(2329, 'AFFIZOUNGO', 225),
(2330, 'AFFIZOUNGO-KPOTA', 225),
(2331, 'AGBAGBADJI', 225),
(2332, 'ALLAWENONSA', 225),
(2333, 'ALLAWENONSA-TCHAHA', 225),
(2334, 'AMANHOUNGAVISSA', 225),
(2335, 'ANTADJI', 225),
(2336, 'DJANMANDJI', 225),
(2337, 'LAGBO', 225),
(2338, 'SOWIANDJI', 225),
(2339, 'ASSANTE', 226),
(2340, 'GBANLIN', 226),
(2341, 'GBANLIN-FIFADJI', 226),
(2342, 'HOUIN', 226),
(2343, 'HOUIN-SEGBEYA', 226),
(2344, 'GOME', 227),
(2345, 'HAYA', 227),
(2346, 'IFADA-ZOUNGUE', 227),
(2347, 'TANKOSSI', 227),
(2348, 'TCHATCHEGOU', 227),
(2349, 'ATOGBO', 228),
(2350, 'KPAKPAZA', 228),
(2351, 'SOWE', 228),
(2352, 'SOWE-IKPAKPADA', 228),
(2353, 'YAWA', 228),
(2354, 'AIDJESSO', 229),
(2355, 'BOUBOU', 229),
(2356, 'HAI', 229),
(2357, 'HOUALA', 229),
(2358, 'MONSO', 229),
(2359, 'OGUIRIN', 229),
(2360, 'ATEGUEDJI', 230),
(2361, 'DEHOUDOHO', 230),
(2362, 'GOTO', 230),
(2363, 'KPOTA', 230),
(2364, 'OUEDEME CENTRE', 230),
(2365, 'YAGBO', 230),
(2366, 'AKOUEGBA', 231),
(2367, 'CAMATE', 231),
(2368, 'OKE-OKOUNOU', 231),
(2369, 'SOKPONTA CENTRE', 231),
(2370, 'TCHAKALOKE', 231),
(2371, 'ABESSOUHOUE', 232),
(2372, 'AGOUAGON', 232),
(2373, 'AGOUAGON-GNONNOUGBO', 232),
(2374, 'AKOMYAN', 232),
(2375, 'ASSROMIHOUE', 232),
(2376, 'BETHEL', 232),
(2377, 'DOKOUNDJI', 232),
(2378, 'HLASSOE', 232),
(2379, 'HOCO', 232),
(2380, 'KPASSALI', 232),
(2381, 'RIFFO', 232),
(2382, 'ADOUREKOMAN', 233),
(2383, 'EGBESSI', 233),
(2384, 'KABOLE', 233),
(2385, 'KPAKPAZOUNME', 233),
(2386, 'MADENGBE', 233),
(2387, 'OKEO', 233),
(2388, 'ZAFFE CENTRE', 233),
(2389, 'AFFECIA', 234),
(2390, 'AYEDERO', 234),
(2391, 'HOUNDJRO KPOGANDJI', 234),
(2392, 'OGOUDAKO', 234),
(2393, 'OROKOTO', 234),
(2394, 'YEMANLIN', 234),
(2395, 'YEVEDO', 234),
(2396, 'ZONGO', 234),
(2397, 'AGBORO-IDOUYA', 235),
(2398, 'AGBORO-KOMBON', 235),
(2399, 'ANSEKE', 235),
(2400, 'BOTTI-HOUEGBO', 235),
(2401, 'CHALLA-OGOI ALOUGBEDE', 235),
(2402, 'CHALLA-OGOI GUEDON', 235),
(2403, 'GBEDE', 235),
(2404, 'KOKORO AWOYO', 235),
(2405, 'KOKORO CENTRE', 235),
(2406, 'DJEGBE-LOKOSSA', 236),
(2407, 'DJEGBE-ODJAHA', 236),
(2408, 'OHOULA', 236),
(2409, 'VODJE', 236),
(2410, 'AZRAOU', 237),
(2411, 'GBANLIN', 237),
(2412, 'GBANLIN-AIZON', 237),
(2413, 'IDADJO', 237),
(2414, 'TOSSO', 237),
(2415, 'VOSSA', 237),
(2416, 'WOKPA', 237),
(2417, 'AKPERO', 238),
(2418, 'EKPA', 238),
(2419, 'IKEMON-EWONDA', 238),
(2420, 'IKEMON-EWONTOUTOU', 238),
(2421, 'OGBE', 238),
(2422, 'AFFESSOMOU', 239),
(2423, 'KILIBO-ADJOUGOU', 239),
(2424, 'KILIBO-GARE', 239),
(2425, 'KILIBO-OLATA', 239),
(2426, 'OLOUNI-N\'GBE', 239),
(2427, 'OWOLAFE', 239),
(2428, 'SURU-LERE', 239),
(2429, 'YAOUI', 239),
(2430, 'ATTANNONDOHO', 240),
(2431, 'BOTTI', 240),
(2432, 'GBEME', 240),
(2433, 'KPASSA', 240),
(2434, 'LAMINOU', 240),
(2435, 'LAMINOU-AIDJEDO', 240),
(2436, 'WODJI', 240),
(2437, 'DOKOUNDOHO', 241),
(2438, 'EVAI-GBAFFO', 241),
(2439, 'N\'GBEHOUEDO', 241),
(2440, 'N\'GBEHOUEDO-ROUTO', 241),
(2441, 'ODOUGBA', 241),
(2442, 'TCHEDJANNANGNON', 241),
(2443, 'ZOGBA-TREKOU', 241),
(2444, 'AYEDERO', 242),
(2445, 'AYETORO', 242),
(2446, 'MALETE', 242),
(2447, 'ODO-AKABA', 242),
(2448, 'OGOUTEDO', 242),
(2449, 'TOUI-GARE', 242),
(2450, 'TOUI-ODELAKOU', 242),
(2451, 'TOUI-ODJOULE', 242),
(2452, 'TOUI-PK', 242),
(2453, 'ADOUGOU', 243),
(2454, 'ADOUGOU-AGAH', 243),
(2455, 'ATTATA', 243),
(2456, 'LAKOKO', 243),
(2457, 'OUESSE CENTRE', 243),
(2458, 'OUESSE-AIZON', 243),
(2459, 'ZOGBA-GAOU', 243),
(2460, 'ATTAKPLAKANME', 244),
(2461, 'DJALLOUKOU', 244),
(2462, 'DJALLOUMA', 244),
(2463, 'GBAGLODJI', 244),
(2464, 'KONKONDJI', 244),
(2465, 'MONFIO', 244),
(2466, 'ZOUKPA', 244),
(2467, 'ABALLA', 245),
(2468, 'ABEOKOUTA', 245),
(2469, 'ADJEGOUNLE', 245),
(2470, 'AFFE ZONGO', 245),
(2471, 'AMOU', 245),
(2472, 'AMOU SAKAOU', 245),
(2473, 'AROUNDE', 245),
(2474, 'BEBIANI', 245),
(2475, 'COFFE AGBALLA', 245),
(2476, 'DOUME LAKOUN', 245),
(2477, 'EKPA', 245),
(2478, 'FELMA', 245),
(2479, 'IDJOU', 245),
(2480, 'IROUKOU', 245),
(2481, 'KANNAHOUN', 245),
(2482, 'KPEKPELOU', 245),
(2483, 'LEKPA', 245),
(2484, 'OLOUWAKEMI', 245),
(2485, 'ABIADJI-SOGOUDO', 246),
(2486, 'GOBADA', 246),
(2487, 'GOVI', 246),
(2488, 'LAMA', 246),
(2489, 'LEKE', 246),
(2490, 'ZADOWIN', 246),
(2491, 'ZANKPE-HOUESSINHOUE', 246),
(2492, 'CODJI', 247),
(2493, 'EKPA', 247),
(2494, 'KOUTAGO', 247),
(2495, 'LOZIN', 247),
(2496, 'MEDETEKPO', 247),
(2497, 'MINIKI', 247),
(2498, 'MONDJI', 247),
(2499, 'N\'DASSO', 247),
(2500, 'AGBOMADIN', 248),
(2501, 'AHITO', 248),
(2502, 'AWIANKANME', 248),
(2503, 'DAME', 248),
(2504, 'KPAKPAVISSA', 248),
(2505, 'SEGBEYA', 248),
(2506, 'ZOMAKIDJI', 248),
(2507, 'KITIKPLI', 249),
(2508, 'KOKORO', 249),
(2509, 'LEMA', 249),
(2510, 'OKOUFFO', 249),
(2511, 'ZONGO', 249),
(2512, 'BAME', 250),
(2513, 'HONNOUKON', 250),
(2514, 'KLOUGO', 250),
(2515, 'LOUKINTOWIN', 250),
(2516, 'NAOUDJI', 250),
(2517, 'SEGUI', 250),
(2518, 'SOZOUME', 250),
(2519, 'AGAH', 251),
(2520, 'ANIGBE', 251),
(2521, 'DODOMEY', 251),
(2522, 'WALLA', 251),
(2523, 'ZONGO', 251),
(2524, 'AKPAKI', 252),
(2525, 'ALLE', 252),
(2526, 'ALLOUDI-GOURE', 252),
(2527, 'IGBERI', 252),
(2528, 'ISSALE', 252),
(2529, 'KADJOTCHE', 252),
(2530, 'KAMAN', 252),
(2531, 'ZONGO-ALBARIKA', 252),
(2532, 'AGBODRANFO', 253),
(2533, 'AGLAMIDJODJI', 253),
(2534, 'AGONMEY', 253),
(2535, 'AKETE', 253),
(2536, 'LOWOZOUNGO', 253),
(2537, 'OUESSE', 253),
(2538, 'TCHOGODO', 253),
(2539, 'ADJOYA', 254),
(2540, 'DJABIGON', 254),
(2541, 'IGBERI', 254),
(2542, 'KOFFODOUA', 254),
(2543, 'OBICRO', 254),
(2544, 'ODO-AGBON', 254),
(2545, 'OTTELE', 254),
(2546, 'TCHETTI', 254),
(2547, 'DAGADOHO', 255),
(2548, 'DJANTADOHO', 255),
(2549, 'DJIME', 255),
(2550, 'DODOMEY', 255),
(2551, 'HONNOUKON', 255),
(2552, 'KPAKPASSA', 255),
(2553, 'LOWO', 255),
(2554, 'MISSE', 255),
(2555, 'SOHEDJI', 255),
(2556, 'ZOUNDJI', 255),
(2557, 'AHOSSEDO', 256),
(2558, 'DOZOUNDJI', 256),
(2559, 'GBAFFO DOGOUDO', 256),
(2560, 'GBAFFO HOUEGBO', 256),
(2561, 'MAKINNOU', 256),
(2562, 'ZONGO', 256),
(2563, 'ZOUZONKANME', 256),
(2564, 'AZONKANGOUDO', 257),
(2565, 'COVEDJI', 257),
(2566, 'DOISSA HONNOUKON', 257),
(2567, 'DOISSA SOKPA', 257),
(2568, 'LOGBO', 257),
(2569, 'MOUSSOUNGO', 257),
(2570, 'N\'GBEHAN', 257),
(2571, 'BESSE OWODE', 258),
(2572, 'DJABATA', 258),
(2573, 'IGBODJA', 258),
(2574, 'KADJOGBE', 258),
(2575, 'OKPA', 258),
(2576, 'ALAFIA', 259),
(2577, 'ATESSE', 259),
(2578, 'BAAKO', 259),
(2579, 'BABAGUIDAI', 259),
(2580, 'GAH AKEEKEE', 259),
(2581, 'GOGORO', 259),
(2582, 'MONTEWO', 259),
(2583, 'OKE OLOU-OSSIN', 259),
(2584, 'OKE OLOU-OTIN', 259),
(2585, 'OKOUNFO', 259),
(2586, 'TCHAYAGBANGBA', 259),
(2587, 'ATCHAKPA', 260),
(2588, 'ATCHAKPA-KPINGNI', 260),
(2589, 'AYEDJOKO', 260),
(2590, 'DANI', 260),
(2591, 'EETOU', 260),
(2592, 'ETIOFE', 260),
(2593, 'GOBE', 260),
(2594, 'AKON', 261),
(2595, 'GBERE', 261),
(2596, 'MONKA', 261),
(2597, 'OKE OWO', 261),
(2598, 'OKE OWO-AGA', 261),
(2599, 'SANDEHOU', 261),
(2600, 'BANIGBE', 262),
(2601, 'DIHO-AGBONGUI', 262),
(2602, 'DIHO-OGBO', 262),
(2603, 'IWEE', 262),
(2604, 'KADJOLA', 262),
(2605, 'OUOGHI-CENTRE', 262),
(2606, 'OUOGHI-GARE', 262),
(2607, 'OUOGHI-TITON', 262),
(2608, 'TCHINTCHIN', 262),
(2609, 'AGBABOUE', 263),
(2610, 'ATTI', 263),
(2611, 'DJALOUMON', 263),
(2612, 'IGBOE', 263),
(2613, 'ISSALE OTIN', 263),
(2614, 'KINGOUN', 263),
(2615, 'TCHOUI', 263),
(2616, 'ADJEGOULE', 264),
(2617, 'AGBADJO', 264),
(2618, 'AGBAIGODO', 264),
(2619, 'AWO SERIKI', 264),
(2620, 'DJANGBE', 264),
(2621, 'KILIBO-OGBO', 264),
(2622, 'MADINA', 264),
(2623, 'TCHOUGBE', 264),
(2624, 'BOUBOUHOU', 265),
(2625, 'DAKPA', 265),
(2626, 'DEPOT CENTRE', 265),
(2627, 'FATCHODJONIN', 265),
(2628, 'KPABAI', 265),
(2629, 'SAVE-NOUVEAU', 265),
(2630, 'ZONGO', 265),
(2631, 'AGBOTAVOU', 266),
(2632, 'AGNAMEY', 266),
(2633, 'AGODOGOUI', 266),
(2634, 'ATOMEY-AVEGANMEY', 266),
(2635, 'BAVOU', 266),
(2636, 'COUFFOKPA', 266),
(2637, 'DATCHA', 266),
(2638, 'DOUSSO', 266),
(2639, 'GOUGOUTA', 266),
(2640, 'HEVI', 266),
(2641, 'HONTONOU', 266),
(2642, 'KPODJI', 266),
(2643, 'LANHOUETOMEY', 266),
(2644, 'SODJAGOHOUE', 266),
(2645, 'VIVIMEY', 266),
(2646, 'VOLLY-LATADJI', 266),
(2647, 'AVEGODOUI', 267),
(2648, 'AVETUIMEY', 267),
(2649, 'AZOVE CENTRE', 267),
(2650, 'DEKANMEY', 267),
(2651, 'DJIMADOHOUE', 267),
(2652, 'EKINHOUE', 267),
(2653, 'GBLOFOLY', 267),
(2654, 'HESSOUHOUE', 267),
(2655, 'KPAKOMEY', 267),
(2656, 'OUCHIHOUE', 267),
(2657, 'YEHOUEMEY', 267),
(2658, 'ADAME', 268),
(2659, 'ADANDEHOUE', 268),
(2660, 'AKEME', 268),
(2661, 'ATTO-HOUE', 268),
(2662, 'BOZINKPE', 268),
(2663, 'DEKANDJI', 268),
(2664, 'DEKPO-CENTRE', 268),
(2665, 'GBETOHOUE', 268),
(2666, 'GNONFIHOUE', 268),
(2667, 'HONTONMEY', 268),
(2668, 'KOYOHOUE', 268),
(2669, 'LAGBAVE', 268),
(2670, 'SEHONOUHOUE', 268),
(2671, 'TCHATEHOUE', 268),
(2672, 'DJOWE', 269),
(2673, 'FANDJIGAHOUE', 269),
(2674, 'GADEKOHOUNHOUE', 269),
(2675, 'GODOHOU', 269),
(2676, 'HONTOUI', 269),
(2677, 'KOGBETOHOUE', 269),
(2678, 'MAHOUGBEHOUE', 269),
(2679, 'SINLITA', 269),
(2680, 'TAKPATCHIOME', 269),
(2681, 'TOTCHIKEME', 269),
(2682, 'WAKPE', 269),
(2683, 'ZAME', 269),
(2684, 'BOGANDJI', 270),
(2685, 'DOGOHOUE', 270),
(2686, 'EDEHOUE', 270),
(2687, 'GBAKONOU', 270),
(2688, 'HAVOU', 270),
(2689, 'HEDJINNAWA', 270),
(2690, 'HELETOUMEY', 270),
(2691, 'HOUETAN', 270),
(2692, 'HOUNGBAMEY', 270),
(2693, 'KISSAMEY', 270),
(2694, 'KOUMAKOHOUE', 270),
(2695, 'LOKOSSOUHOUE', 270),
(2696, 'TANNOU', 270),
(2697, 'TOUVOU', 270),
(2698, 'ABOLOUME', 271),
(2699, 'AGBANNATE', 271),
(2700, 'BADJAME', 271),
(2701, 'BAYAME', 271),
(2702, 'DONOUME', 271),
(2703, 'EGLIME', 271),
(2704, 'HOKY', 271),
(2705, 'KIDJI', 271),
(2706, 'LONKLY', 271),
(2707, 'AFLANTAN', 272),
(2708, 'APLAHOUE', 272),
(2709, 'AVEGODO', 272),
(2710, 'AZONDOGAHOUE', 272),
(2711, 'BOSSOUHOUE', 272),
(2712, 'DANNOUHOUE', 272),
(2713, 'DHOSSOUHOUE', 272),
(2714, 'DJIKPAME', 272),
(2715, 'GBEZE', 272),
(2716, 'HEVI-SENOUHOUE', 272),
(2717, 'HOUNSAHOUE', 272),
(2718, 'KAITEMEY', 272),
(2719, 'KPODJI', 272),
(2720, 'LOKOGBA', 272),
(2721, 'TCHIGLIHOUE', 272),
(2722, 'ZOHOUDJI', 272),
(2723, 'AGOHOUE-BALIMEY', 273),
(2724, 'DOUMAHOU', 273),
(2725, 'FANNAHINHOUE', 273),
(2726, 'GBOTOHOUE', 273),
(2727, 'HEKPE', 273),
(2728, 'MAHINOUHOUE', 273),
(2729, 'SEBIOHOUE-ADJINTIMEY', 273),
(2730, 'ABLOMEY', 274),
(2731, 'AISSANHOUE', 274),
(2732, 'AIVOHOUE', 274),
(2733, 'BETOUMEY CENTRE', 274),
(2734, 'BOTA', 274),
(2735, 'DOGOHOUE', 274),
(2736, 'GOMEHOUIN', 274),
(2737, 'HOLOU-LOKO', 274),
(2738, 'HOUNGBEDJIHOUE', 274),
(2739, 'KPATOHOUE', 274),
(2740, 'TCHANHOUE', 274),
(2741, 'TITONGON', 274),
(2742, 'ZOHOUDJI', 274),
(2743, 'DEMAHOUHOUE', 275),
(2744, 'DOWOMEY', 275),
(2745, 'GODOUHOUE', 275),
(2746, 'GOHOMEY CENTRE', 275),
(2747, 'HAGOUMEY CENTRE', 275),
(2748, 'LOKO-ATOUI', 275),
(2749, 'MOUZOUKPOKPOHOUE', 275),
(2750, 'DANMAKAHOUE', 276),
(2751, 'DJONOUHOUE', 276),
(2752, 'EDJIHOUE', 276),
(2753, 'GAME-FODE', 276),
(2754, 'GAME-HOUEGBO', 276),
(2755, 'HOUEGAMEY', 276),
(2756, 'HOUNGBA', 276),
(2757, 'KANVIHOUE', 276),
(2758, 'KPELADJAMEY', 276),
(2759, 'NOUBOUDJI', 276),
(2760, 'TEDEHOUE', 276),
(2761, 'WANOU', 276),
(2762, 'DASSOUHOUE', 277),
(2763, 'ETONHOUE', 277),
(2764, 'KESSAHOUEDJI', 277),
(2765, 'KINKINHOUE', 277),
(2766, 'SEGBEHOUE', 277),
(2767, 'SEGLAHOUE', 277),
(2768, 'FOGBADJA CENTRE', 278),
(2769, 'GBEMAHLOUEHOUE', 278),
(2770, 'GBOYOUHOUE', 278),
(2771, 'KANSOUHOUE', 278),
(2772, 'KOKOHOUE', 278),
(2773, 'MIGBOWOMEY', 278),
(2774, 'SEMANOUHOUE', 278),
(2775, 'BAHOUE', 279),
(2776, 'FANTCHOUTCHEHOUE', 279),
(2777, 'KPOBA', 279),
(2778, 'MEKPOHOUE', 279),
(2779, 'NAKIDAHOHOUE', 279),
(2780, 'ZOHOUDJI', 279),
(2781, 'AKODEBAKOU', 280),
(2782, 'ASSOGBAHOUE', 280),
(2783, 'AVODJIHOUE', 280),
(2784, 'AVONNOUHOUE', 280),
(2785, 'GBEKEHOUE', 280),
(2786, 'HOUNKEMEY', 280),
(2787, 'MEDEDJIHOUE', 280),
(2788, 'SAHOU-SOHOUE', 280),
(2789, 'SOKOUHOUE', 280),
(2790, 'TOKPOHOUE', 280),
(2791, 'ZOUZOUVOU', 280),
(2792, 'AGBEDRANFO', 281),
(2793, 'AMEGANHOUE', 281),
(2794, 'ATCHOUHOUE', 281),
(2795, 'BEOTCHI', 281),
(2796, 'DANSSOUHOUE', 281),
(2797, 'DJAKOTOMEY CENTRE', 281),
(2798, 'HOUNHOMEY', 281),
(2799, 'SOGBAVIHOUE', 281),
(2800, 'BABOHOUE', 282),
(2801, 'GBOGNONHOUE', 282),
(2802, 'GOLAMEY', 282),
(2803, 'HOUNGBEZANME', 282),
(2804, 'KPAYAHOUE', 282),
(2805, 'LOKOUI-BEDJAMEY', 282),
(2806, 'TOHOUEHOUE', 282),
(2807, 'AGBEDRANFO', 283),
(2808, 'AVEDJIN', 283),
(2809, 'AYOMI CENTRE', 283),
(2810, 'GBANNAVE', 283),
(2811, 'KETCHANDJI-KPOLEDJI', 283),
(2812, 'KPODAHA CENTRE', 283),
(2813, 'KPODAHA DEKA', 283),
(2814, 'TOKPOTA', 283),
(2815, 'ZOHOUDJI', 283),
(2816, 'ZOKPEDJI', 283),
(2817, 'ADIDEVO', 284),
(2818, 'AGNAVO', 284),
(2819, 'DEVE-HOMEY', 284),
(2820, 'GBAKEHOUE', 284),
(2821, 'KPODJI', 284),
(2822, 'ZOHOUDJI', 284),
(2823, 'ATCHANHOUE', 285),
(2824, 'AVEGODE', 285),
(2825, 'CODJOHOUE', 285),
(2826, 'DADOHOUE', 285),
(2827, 'KOUTIME', 285),
(2828, 'KPOHA', 285),
(2829, 'HEDJAME', 286),
(2830, 'HOUNDROME', 286),
(2831, 'HOUNSA', 286),
(2832, 'LOKOGOHOUE', 286),
(2833, 'MIDANGBE', 286),
(2834, 'SEGBA', 286),
(2835, 'TOULEHOUDJI', 286),
(2836, 'VEHIDJI', 286),
(2837, 'ADANDRO-AKODE', 287),
(2838, 'AYESSO', 287),
(2839, 'BOTAGBE', 287),
(2840, 'FAFADJI', 287),
(2841, 'GODOHOU', 287),
(2842, 'KENAVO', 287),
(2843, 'MADJRE CENTRE', 287),
(2844, 'TOGANNOU', 287),
(2845, 'ALLADA', 288),
(2846, 'GNIGBE', 288),
(2847, 'TOTCHANGNI', 288),
(2848, 'ACHITOU', 289),
(2849, 'AGBEGNIDOHOUE', 289),
(2850, 'AHOMEY', 289),
(2851, 'DAHOUE', 289),
(2852, 'DEGUIHOUE', 289),
(2853, 'DEKANDJI', 289),
(2854, 'FAMBOHOUE', 289),
(2855, 'FONCOME AGANDANNONHOUE', 289),
(2856, 'FONCOME AGBOHOUE', 289),
(2857, 'FONCOME GOUHOUN', 289),
(2858, 'FONCOME TETEHOUE', 289),
(2859, 'HOUEDJAMEY', 289),
(2860, 'HOUNGLOUI', 289),
(2861, 'KEGBEHOUE', 289),
(2862, 'KENOUHOUE', 289),
(2863, 'KPODAVE', 289),
(2864, 'KPOGODOU', 289),
(2865, 'LOKOGBA', 289),
(2866, 'MADANKANMEY', 289),
(2867, 'TOTA BALIME', 289),
(2868, 'TOTA KPODJI', 289),
(2869, 'ZAPHI GNAMAMEY', 289),
(2870, 'ZAPHI HOUEGANME', 289),
(2871, 'ZAPHI HOUNSA', 289),
(2872, 'ADJAHONME', 290),
(2873, 'BETOUME', 290),
(2874, 'DAYEHOUE', 290),
(2875, 'EDAHOUE', 290),
(2876, 'GODOHOU', 290),
(2877, 'HOHLUIME', 290),
(2878, 'KPEVIDJI', 290),
(2879, 'OLOUHOUE', 290),
(2880, 'SAWAME-HOSSOUHOUE', 290),
(2881, 'TCHANHOUIWANWOUI', 290),
(2882, 'TCHOKPOHOUE', 290),
(2883, 'TOIME', 290),
(2884, 'AGLALI', 291),
(2885, 'AHOGBEYA', 291),
(2886, 'DADJI', 291),
(2887, 'DJIHAMI', 291),
(2888, 'GAHAYADJI', 291),
(2889, 'GAHAYANOU', 291),
(2890, 'KLOSSOU', 291),
(2891, 'KPLAKATAGON', 291),
(2892, 'MADEME', 291),
(2893, 'TCHETON', 291),
(2894, 'AHOUDJI', 292),
(2895, 'AVEGANDJI', 292),
(2896, 'AYAHOHOUE', 292),
(2897, 'KEDJI', 292),
(2898, 'ADAHOUE', 293),
(2899, 'AKIME', 293),
(2900, 'AVEGANME', 293),
(2901, 'DANGNONCHIHOUE', 293),
(2902, 'DAVIHOUE', 293),
(2903, 'DEKANDJI', 293),
(2904, 'DJOTTO', 293),
(2905, 'FIDEGNONHOUE', 293),
(2906, 'GBEHOUNKOCHIHOUE', 293),
(2907, 'GLOLIHOUE', 293),
(2908, 'GNIGBOU', 293),
(2909, 'GNIGBOUGAN', 293),
(2910, 'HOUENOUSSOU', 293),
(2911, 'YENAWA', 293),
(2912, 'YEVIHOUE', 293),
(2913, 'ZOHOUDJI', 293),
(2914, 'GBEBLEHOUE', 294),
(2915, 'HONDJIN CENTRE', 294),
(2916, 'HONDJINGAN', 294),
(2917, 'KOGBETOHOUE', 294),
(2918, 'KOME', 294),
(2919, 'SOGLONOUHOUE', 294),
(2920, 'DEKANDJI', 295),
(2921, 'GBOWIME', 295),
(2922, 'GOLOUHOUE', 295),
(2923, 'LANTA CENTRE', 295),
(2924, 'SAWAME-HOUEYIHO', 295),
(2925, 'TOKANME-KPODJI', 295),
(2926, 'TOKANME-MONTOU', 295),
(2927, 'AGBAGO', 296),
(2928, 'AKOUEGBADJA', 296),
(2929, 'GNANTCHIME', 296),
(2930, 'KPAKPASSA', 296),
(2931, 'SOKPAME', 296),
(2932, 'TANGBANVIME', 296),
(2933, 'TCHIKPE', 296),
(2934, 'ZOUZOUKANME', 296),
(2935, 'AGBLECOME', 297),
(2936, 'AGBODONHOUIN', 297),
(2937, 'DAVITOHOUE', 297),
(2938, 'DJIDJOLI', 297),
(2939, 'EHUZU', 297),
(2940, 'HONHLONMITONHOU', 297),
(2941, 'KLOUEKANME - GARE', 297),
(2942, 'NANOME', 297),
(2943, 'SEGLAHOUE', 297),
(2944, 'TCHANVEDJI', 297),
(2945, 'TOTROYOYOU', 297),
(2946, 'ZONDREBOHOUE', 297),
(2947, 'ZOUVOU', 297),
(2948, 'ADOUKANDJI', 298),
(2949, 'AHOUADA', 298),
(2950, 'EGUEHOUE', 298),
(2951, 'HAZIN', 298),
(2952, 'KINGNENOUHOUE', 298),
(2953, 'LOME', 298),
(2954, 'SEWAHOUE', 298),
(2955, 'YAMONTOU', 298),
(2956, 'ADONOU', 299),
(2957, 'AHODJINNAKO', 299),
(2958, 'DOGOUEDETA', 299),
(2959, 'HELLI', 299),
(2960, 'LOKOLI', 299),
(2961, 'ADJAIGBONOU', 300),
(2962, 'AHOMADEGBE', 300),
(2963, 'ALLOYA', 300),
(2964, 'HAGNONHOUE', 300),
(2965, 'AFFOMAI', 301),
(2966, 'BANIGBE', 301),
(2967, 'DOLOHOUE', 301),
(2968, 'KOUTCHIKANHOUE', 301),
(2969, 'ASSOGBAHOUE', 302),
(2970, 'DJIBAHOUN', 302),
(2971, 'GNIZOUNME', 302),
(2972, 'HANGBANNOU', 302),
(2973, 'TANDJI', 302),
(2974, 'ADJAGLIMEY', 303),
(2975, 'EDAH-GBAWLAHOUE', 303),
(2976, 'GNIGBANDJIME', 303),
(2977, 'KLABESSIHOUE', 303),
(2978, 'KPASSAKANME', 303),
(2979, 'OUKANME', 303),
(2980, 'SOHOUNOUHOUE', 303),
(2981, 'SOWANOUHOUE', 303),
(2982, 'WEWEHOUE', 303),
(2983, 'DAVIHOUE', 304),
(2984, 'GNAMAME', 304),
(2985, 'KAIHOUE', 304),
(2986, 'KONDJON', 304),
(2987, 'KUIVONHOUE', 304),
(2988, 'LOKOGBA', 304),
(2989, 'TOULEHOUDJI', 304),
(2990, 'YOBOHOUE', 304),
(2991, 'ZOUNDJAME', 304),
(2992, 'ABOTI', 305),
(2993, 'OUINFA', 305),
(2994, 'TCHITO', 305),
(2995, 'ZOUNHOME', 305),
(2996, 'ZOUNTOKPA', 305),
(2997, 'BAYEKPA CENTRE', 306),
(2998, 'GOVETA', 306),
(2999, 'HEHOUKPA', 306),
(3000, 'SAWANOU', 306),
(3001, 'TOHOU-CENTRE', 306),
(3002, 'ZOUNDOTAN', 306),
(3003, 'ADJASSAGON', 307),
(3004, 'AZANGBE', 307),
(3005, 'KADEBOU', 307),
(3006, 'KINDJI', 307),
(3007, 'KOWOME', 307),
(3008, 'ZALLI', 307),
(3009, 'ADJACOME', 308),
(3010, 'GBEFANDJI', 308),
(3011, 'GOULOKO', 308),
(3012, 'KOUTIME', 308),
(3013, 'LALO', 308),
(3014, 'ZONMONDJI', 308),
(3015, 'ADJIDO CENTRE', 309),
(3016, 'AGBOZOHOUDJI', 309),
(3017, 'ATCHIOUME', 309),
(3018, 'AWANDJI', 309),
(3019, 'DANSOUHOUE', 309),
(3020, 'DEKANDJI', 309),
(3021, 'GLIDJI', 309),
(3022, 'HEDJAME', 309),
(3023, 'HOUNDEHOUSSOHOUE', 309),
(3024, 'KPODJI', 309),
(3025, 'MAIBOUI KPOTA', 309),
(3026, 'MAIBOUI SODOKPOHOUE', 309),
(3027, 'DANDJEKPOHOUE', 310),
(3028, 'NATABOUHOUE', 310),
(3029, 'SOGNONNOUHOUE', 310),
(3030, 'TOHOUNHOUE', 310),
(3031, 'DJIDOWANOU', 311),
(3032, 'DJOUGANME', 311),
(3033, 'DJOUVIME', 311),
(3034, 'DOKO CENTRE', 311),
(3035, 'GBOYIZOUNHOUE', 311),
(3036, 'KLEME', 311),
(3037, 'NANONME', 311),
(3038, 'TCHOULEHOUDJI', 311),
(3039, 'ZOHOUDJI', 311),
(3040, 'ABLOGANME', 312),
(3041, 'ADJOHOUE', 312),
(3042, 'AFFOMADI', 312),
(3043, 'HEWOGBE', 312),
(3044, 'HOUEDOGLI CENTRE', 312),
(3045, 'HOUEGANGBE', 312),
(3046, 'KPAKOUIHOUE', 312),
(3047, 'LAGBAHOME', 312),
(3048, 'LAGBAKADA', 312),
(3049, 'TADOKOME', 312),
(3050, 'TCHANKADA', 312),
(3051, 'ZOUGOUME', 312),
(3052, 'AGBEDOUME', 313),
(3053, 'AGOME', 313),
(3054, 'AYIDJEDO', 313),
(3055, 'DJOUDOME', 313),
(3056, 'KODOHOUE', 313),
(3057, 'MISSINKO CENTRE', 313),
(3058, 'ZAFFI', 313),
(3059, 'DJIKEME', 314),
(3060, 'DOHODJI', 314),
(3061, 'GBAYEDJI', 314),
(3062, 'GBINNOUHOUE', 314),
(3063, 'OUSSOUME', 314),
(3064, 'TANNOU-GOLA CENTRE', 314),
(3065, 'TCHANKOUE', 314),
(3066, 'TOSSEHOUE', 314),
(3067, 'AKOME', 315),
(3068, 'DAVI', 315),
(3069, 'DJIGANGNONHOU', 315),
(3070, 'DOKO ATCHANVIGUEME', 315),
(3071, 'DOKO DJOUDOME', 315),
(3072, 'KPEVE', 315),
(3073, 'KPOHOUDJOU', 315),
(3074, 'KPOHOUDJOUGAN', 315),
(3075, 'SEKOUHOUE', 315),
(3076, 'TANNOU AVEDJI', 315),
(3077, 'TOVIKLIN CENTRE', 315),
(3078, 'TOVIKLIN QUARTIER', 315),
(3079, 'ZOHENOU', 315),
(3080, 'AKARADE', 316),
(3081, 'ALEDJO', 316),
(3082, 'BOUTOU', 316),
(3083, 'IGADOUGOU', 316),
(3084, 'KADEGUE', 316),
(3085, 'KAOUTE', 316),
(3086, 'NIBADARA', 316),
(3087, 'PARTAGO', 316),
(3088, 'TCHIMBERI', 316),
(3089, 'IGBERE', 317),
(3090, 'MANIGRI OKE IGBOELE', 317),
(3091, 'MANIGRI-IKANNI', 317),
(3092, 'MANIGRI-OKE SOUANGBE', 317),
(3093, 'MODOGUI', 317),
(3094, 'TEKE-TEROU', 317),
(3095, 'WANNOU', 317),
(3096, 'AWO', 318),
(3097, 'BAYAKOU', 318),
(3098, 'BODI', 318),
(3099, 'DINGOU', 318),
(3100, 'KODOWARI', 318),
(3101, 'MELAN', 318),
(3102, 'NAGAYILE', 318),
(3103, 'NIORO-KOLINA', 318),
(3104, 'OULI', 318),
(3105, 'PENELAN', 318),
(3106, 'PENESSOULOU', 318),
(3107, 'SALMANGA', 318),
(3108, 'TABA', 318),
(3109, 'TCHETOU', 318),
(3110, 'WOLO', 318),
(3111, 'YARI', 318),
(3112, 'ADJIMON', 319),
(3113, 'ADJIRO', 319),
(3114, 'AORO-LOKPA', 319),
(3115, 'AORO-NAGO', 319),
(3116, 'APPI', 319),
(3117, 'ASSION', 319),
(3118, 'BASSILA ABIGUEDOU', 319),
(3119, 'BASSILA ALLAN', 319),
(3120, 'BASSILA BAKABAKA', 319),
(3121, 'BIGUINA AKPASSA', 319),
(3122, 'BIGUINA HOLOUDE', 319),
(3123, 'BIGUINA TOSSO', 319),
(3124, 'DIEPANI-BALIMBOLI', 319),
(3125, 'DOGUE', 319),
(3126, 'FRIGNION', 319),
(3127, 'GUIGUISSO', 319),
(3128, 'IGBOMAKO', 319),
(3129, 'KIKELE', 319),
(3130, 'KOIWALI', 319),
(3131, 'KPREKETE', 319),
(3132, 'ANANDANA', 320),
(3133, 'FOUNGOU', 320),
(3134, 'KOUBENEBENE', 320),
(3135, 'KOUBOKOUBORE', 320),
(3136, 'KOUKOULBENDI', 320),
(3137, 'KOUTCHANTI', 320),
(3138, 'N\'DAM', 320),
(3139, 'PARGOUTE', 320),
(3140, 'SETRAH', 320),
(3141, 'BAMISSO', 321),
(3142, 'BOM-BOM', 321),
(3143, 'BORO-KOURI', 321),
(3144, 'GNANFOUNOUM', 321),
(3145, 'PABEGOU', 321),
(3146, 'PALAMPAGOU', 321),
(3147, 'TCHAKLERO', 321),
(3148, 'TIGNINOUN', 321),
(3149, 'BISSINRA', 322),
(3150, 'CANA', 322),
(3151, 'DAKPERA', 322),
(3152, 'KANKOULGA', 322),
(3153, 'KARHUM-DORA', 322),
(3154, 'KARHUM-MALERO', 322),
(3155, 'KARHUM-YAOUROU', 322),
(3156, 'KATABAM', 322),
(3157, 'MAHO', 322),
(3158, 'NIMOUROU', 322),
(3159, 'PASSANGRE', 322),
(3160, 'SEMA', 322),
(3161, 'SINGRE', 322),
(3162, 'TAHO', 322),
(3163, 'WADHEROU', 322),
(3164, 'BABANZAOURE', 323),
(3165, 'COPARGO', 323),
(3166, 'DALKPALAHOU', 323),
(3167, 'DJESSEKOU', 323),
(3168, 'GALORA-YABAGA', 323),
(3169, 'GOSSINA', 323),
(3170, 'LEFENDI', 323),
(3171, 'PASSABIA', 323),
(3172, 'SATIEKA-GBAMDI', 323),
(3173, 'TANI', 323),
(3174, 'TCHAKLERO YAROU', 323),
(3175, 'TCHOUTCHOU', 323),
(3176, 'YAKA', 323),
(3177, 'YAOURA', 323),
(3178, 'ANOUM', 324),
(3179, 'BANDESSAR', 324),
(3180, 'BANDETCHOHI', 324),
(3181, 'BAREI VAAHA', 324),
(3182, 'BAREI-SAOUPEHOUN', 324),
(3183, 'DANGOUSSAR', 324),
(3184, 'GONDESSAR', 324),
(3185, 'KOURLI', 324),
(3186, 'SELRA', 324),
(3187, 'AFATALANGA', 325),
(3188, 'AKEKEROU', 325),
(3189, 'BARIENOU', 325),
(3190, 'BORTOKO', 325),
(3191, 'DEDERA', 325),
(3192, 'DONGA', 325),
(3193, 'FOYO', 325),
(3194, 'GAOUGA', 325),
(3195, 'GNANSONGA', 325),
(3196, 'GNOGAMBI', 325),
(3197, 'GNONRI', 325),
(3198, 'GOSSO', 325),
(3199, 'KOKOSSIKA', 325),
(3200, 'KOUA', 325),
(3201, 'KPAYEROUN', 325),
(3202, 'MONE', 325),
(3203, 'POTOKOU', 325),
(3204, 'TAMOHOUN', 325),
(3205, 'TOKO-TOKO', 325),
(3206, 'ANGBA', 326),
(3207, 'BELLEFOUNGOU', 326),
(3208, 'KPEGOUNOU', 326),
(3209, 'SOSSO', 326),
(3210, 'TOLRA', 326),
(3211, 'BOUGOU FANA', 327),
(3212, 'BOUGOU LIRA', 327),
(3213, 'KPANDOUGA', 327),
(3214, 'KPAOUYA', 327),
(3215, 'AGOROGOSSI', 328),
(3216, 'BARI', 328),
(3217, 'BOUNGOUROU', 328),
(3218, 'FOUMBEA', 328),
(3219, 'GANGAMOU', 328),
(3220, 'KOLOCONDE ZONGO', 328),
(3221, 'KOLOKONDE SAOUPEHOUN', 328),
(3222, 'KPEBOUCO', 328),
(3223, 'TEBOU', 328),
(3224, 'TEWAOU', 328),
(3225, 'YOROSSONGA', 328),
(3226, 'BAKOU', 329),
(3227, 'DANOGOU', 329),
(3228, 'DARINGA', 329),
(3229, 'GOROBANI', 329),
(3230, 'ISSAMANGA', 329),
(3231, 'ONKLOU PAHANOUN', 329),
(3232, 'ONKLOU SAOUPEHOUN', 329),
(3233, 'WEWE', 329),
(3234, 'ABINTAGA', 330),
(3235, 'DABOGOU', 330),
(3236, 'DEMSIHOU', 330),
(3237, 'DONWARI', 330),
(3238, 'KOROKOU', 330),
(3239, 'MOMONGOU', 330),
(3240, 'NANOGOU', 330),
(3241, 'PARTAGO', 330),
(3242, 'TEPREDJISSI', 330),
(3243, 'VANHOUI', 330),
(3244, 'GBESSOU', 331),
(3245, 'GOUMBAKOU', 331),
(3246, 'KAKINDONI', 331),
(3247, 'KOHA', 331),
(3248, 'PELEBINA', 331),
(3249, 'WASSA', 331),
(3250, 'YARAKEOU', 331),
(3251, 'ALFA KPARA', 332),
(3252, 'BOULOUM', 332),
(3253, 'BOUMVARI', 332),
(3254, 'DEWA', 332),
(3255, 'KPALI', 332),
(3256, 'MINANGA', 332),
(3257, 'NAGATCHOHI', 332),
(3258, 'PAPARANGA', 332),
(3259, 'SEROU', 332),
(3260, 'FOUNGA', 333),
(3261, 'GAH', 333),
(3262, 'GOGONIGA', 333),
(3263, 'KAMOUHOU', 333),
(3264, 'KILIR', 333),
(3265, 'MADINA', 333),
(3266, 'MORWATCHOHI', 333),
(3267, 'PETONI-POHO-GOROBANI', 333),
(3268, 'PETONI-POHO-PARTAGO', 328),
(3269, 'SAPAHA', 333),
(3270, 'SASSIROU', 333),
(3271, 'SELROU', 333),
(3272, 'SOUBROUKOU', 333),
(3273, 'TAIFA', 333),
(3274, 'ZONGO', 333),
(3275, 'ALFA-ISSA', 334),
(3276, 'ANGARADEBOU', 334),
(3277, 'BASSALA', 334),
(3278, 'BONBORH', 334),
(3279, 'DJAKPINGOU', 334),
(3280, 'KAKABOUNOU-BERI', 334),
(3281, 'KPARSI', 334),
(3282, 'KPATOUHOU', 334),
(3283, 'LEMAN-BOGOU', 334),
(3284, 'LEMAN-MANDE', 334),
(3285, 'NALOHOU', 334),
(3286, 'TIMTIM-BONGO', 334),
(3287, 'WARGOU', 334),
(3288, 'ANGARA', 335),
(3289, 'BAPARAPE', 335),
(3290, 'BATOULOU', 335),
(3291, 'BATOULOU MOUNLA', 335),
(3292, 'DENDOUGOU', 335),
(3293, 'FORMAGAZI', 335),
(3294, 'KPAMALANGOU', 335),
(3295, 'NOUMANE', 335),
(3296, 'SEHVESSI', 335),
(3297, 'SINASSINGOU', 335),
(3298, 'ZEMBOUGOU-BERI', 335),
(3299, 'ZOUNTORI', 335),
(3300, 'AKPADE', 336),
(3301, 'ALITOKOUM', 336),
(3302, 'ATCHANKOMOU', 336),
(3303, 'BADJOUDE', 336),
(3304, 'BISSETOUGOU', 336),
(3305, 'BOHOMDO', 336),
(3306, 'ITCHODE', 336),
(3307, 'KADOLASSI', 336),
(3308, 'KAKPALA', 336),
(3309, 'KOMTCHA', 336),
(3310, 'PAMOU', 336),
(3311, 'TALINTA', 336),
(3312, 'TCHITCHAKOU', 336),
(3313, 'ADJEDE', 337),
(3314, 'AKOUSSITE', 337),
(3315, 'ASSODE', 337),
(3316, 'KOMDE', 337),
(3317, 'MANKPASSI', 337),
(3318, 'WEKETE', 337),
(3319, 'YAMSALE', 337),
(3320, 'AGBANDARE', 338),
(3321, 'ATCHAKITAM', 338),
(3322, 'ATCHANKPA-KOLAH', 338),
(3323, 'BAPARAPEI', 338),
(3324, 'DAKA', 338),
(3325, 'GNALO', 338),
(3326, 'KIM-KIM', 338),
(3327, 'KOUBLY', 338),
(3328, 'MAMI', 338),
(3329, 'OURAMARE', 338),
(3330, 'TCHINGAYARE', 338),
(3331, 'ADEDEWO', 339),
(3332, 'AGUE-GARBA', 339),
(3333, 'AWOTOBI', 339),
(3334, 'GAO', 339),
(3335, 'GBAOU', 339),
(3336, 'GNANGBA KABIA', 339),
(3337, 'ITCHELLI', 339),
(3338, 'KAGNIFELE', 339),
(3339, 'KAKPESSIA', 339),
(3340, 'KPAKPALARE', 339),
(3341, 'KPELI-FADA', 339),
(3342, 'N\'DJAKADA', 339),
(3343, 'TROUCARE-BAS', 339),
(3344, 'KAWADO', 340),
(3345, 'LANDA', 340),
(3346, 'MADJATOM', 340),
(3347, 'TCHALINGA', 340),
(3348, 'ALAYOMDE', 341),
(3349, 'ASSARADE', 341),
(3350, 'AWANLA', 341),
(3351, 'KANTE', 341),
(3352, 'KASSUA-ALLA', 341),
(3353, 'KOUKOULOUNDA', 341),
(3354, 'KPELITE', 341),
(3355, 'KPELOUDE', 341),
(3356, 'SOBITE', 341),
(3357, 'SONAHOLOU', 341),
(3358, 'SONATE', 341),
(3359, 'TCHALADE', 341),
(3360, 'WAKITE', 341),
(3361, 'AVOTROU AIMONLONFIDE', 342),
(3362, 'AVOTROU GBEGO', 342),
(3363, 'AVOTROU HOUEZEKOME', 342),
(3364, 'DANDJI', 342),
(3365, 'DANDJI HOKANME', 342),
(3366, 'DONATEN', 342),
(3367, 'FINAGNON', 342),
(3368, 'N\'VENAMEDE', 342),
(3369, 'SURU LERE', 342),
(3370, 'TANTO', 342),
(3371, 'TCHANHOUNKPAME', 342),
(3372, 'TOKPLEGBE', 342),
(3373, 'YAGBE', 342),
(3374, 'AHOUASSA', 343),
(3375, 'DJEDJE-LAYE', 343),
(3376, 'GANKPODO', 343),
(3377, 'IREDE', 343),
(3378, 'KOWEGBO', 343),
(3379, 'KPONDEHOU', 343),
(3380, 'KPONDEHOU TCHEMEI', 343),
(3381, 'LOM-NAVA', 343),
(3382, 'MINONTCHOU', 343),
(3383, 'SENADE SEKOU', 343),
(3384, 'SENANDE', 343),
(3385, 'YENAWA', 343),
(3386, 'YENAWA DAHO', 343),
(3387, 'ADJEGOUNLE', 344),
(3388, 'ADOGLETA', 344),
(3389, 'AGBATO', 344),
(3390, 'AGBODJEDO', 344),
(3391, 'AYELAWADJE', 344),
(3392, 'AYELAWADJE AGONGOME', 344),
(3393, 'FIFATIN', 344),
(3394, 'GBENONKPO', 344),
(3395, 'HLACOMEY', 344),
(3396, 'KPANKPAN', 344),
(3397, 'MIDOMBO', 344),
(3398, 'SEGBEYA NORD', 344),
(3399, 'SEGBEYA SUD', 344),
(3400, 'ABOKICODJI CENTRE', 345),
(3401, 'ABOKICODJI LAGUNE', 345),
(3402, 'AKPAKPA DODOME', 345),
(3403, 'DEDOKPO', 345),
(3404, 'ENAGNON', 345),
(3405, 'FIFADJI HOUTO', 345),
(3406, 'GBEDJEWIN', 345),
(3407, 'MISSESSIN', 345),
(3408, 'OHE', 345),
(3409, 'SODJEATINME CENTRE', 345),
(3410, 'SODJEATINME EST', 345),
(3411, 'SODJEATINME OUEST', 345),
(3412, 'AVLEKETE JONQUET', 346),
(3413, 'BOCOSSI TOKPA', 346),
(3414, 'DOTA', 346),
(3415, 'GBEDOKPO', 346),
(3416, 'GBETO', 346),
(3417, 'GUINKOMEY', 346),
(3418, 'MIFONGOU', 346),
(3419, 'MISSEBO', 346),
(3420, 'MISSITE', 346),
(3421, 'NOUVEAU PONT', 346),
(3422, 'TOKPA HOHO', 346),
(3423, 'XWLACODJI KPODJI', 346),
(3424, 'XWLACODJI PLAGE', 346),
(3425, 'ZONGO EHUZU', 346),
(3426, 'ZONGO NIMA', 346),
(3427, 'AHOUANSORI AGATA', 347),
(3428, 'AHOUANSORI AGUE', 347),
(3429, 'AHOUANSORI LADJI', 347),
(3430, 'AHOUANSORI TOWETA', 347),
(3431, 'AHOUANSORI TOWETA KPOTAI', 347),
(3432, 'AIDJEDO', 347),
(3433, 'AIDJEDO AHITO', 347),
(3434, 'AIDJEDO GBEGO', 347),
(3435, 'AIDJEDO VIGNON', 347),
(3436, 'DANTOKPA', 347),
(3437, 'DJIDJE', 347),
(3438, 'DJIDJE AICHEDJI', 347),
(3439, 'GBEDJROMEDE', 347),
(3440, 'GBEDJROMEDE SUD', 347),
(3441, 'HINDE NORD', 347),
(3442, 'HINDE SUD', 347),
(3443, 'JERICHO NORD', 347),
(3444, 'JERICHO SUD', 347),
(3445, 'VOSSA', 347),
(3446, 'DAGBEDJI SIKE', 348),
(3447, 'ENAGNON-SIKE', 348),
(3448, 'FIGNON SIKE', 348),
(3449, 'GBEDOMIDJI', 348),
(3450, 'GBENAN', 348),
(3451, 'GBEWA', 348),
(3452, 'MISSITE-SIKE', 348),
(3453, 'SEDAMI', 348),
(3454, 'SEDJRO SAINT MICHEL', 348),
(3455, 'SEHOGAN SIKE', 348),
(3456, 'TODOTE', 348),
(3457, 'YEVEDO', 348),
(3458, 'AGBODJEDO STE RITA', 349),
(3459, 'AGONTINKON', 349),
(3460, 'GBEDAGBA', 349),
(3461, 'HOUEHOUN', 349),
(3462, 'HOUENOUSSOU STE RITA', 349),
(3463, 'MEDEDJRO', 349),
(3464, 'MINONKPO WOLOGUEDE', 349),
(3465, 'TONATO', 349),
(3466, 'FIFADJI', 350),
(3467, 'KINDONOU', 350),
(3468, 'MENONTIN', 350),
(3469, 'VOSSA-KPODJI', 350),
(3470, 'ZOGBO', 350),
(3471, 'ZOGBOHOUE', 350),
(3472, 'AGOUNVOCODJI', 351),
(3473, 'GBENONKPO', 351),
(3474, 'KOUHOUNOU', 351),
(3475, 'MIDEDJI', 351),
(3476, 'MISSEKPLE', 351),
(3477, 'MISSOGBE', 351),
(3478, 'SETOVI', 351),
(3479, 'VEDOKO', 351),
(3480, 'YENAWA-FIFADJI', 351),
(3481, 'GBEDIGA GUEDEHOUNGUE', 352),
(3482, 'GBEGAMEY AHITO', 352),
(3483, 'GBEGAMEY CENTRE', 352),
(3484, 'GBEGAMEY DODO AYIDJE', 352),
(3485, 'GBEGAMEY GBAGOUDO', 352),
(3486, 'GBEGAMEY MIFONGOU', 352),
(3487, 'HOUEYIHO', 352),
(3488, 'HOUEYIHO TANOU', 352),
(3489, 'SAINT JEAN GBEDIGA', 352),
(3490, 'VODJE ALLOBATIN', 352),
(3491, 'VODJE AYIDOTE', 352),
(3492, 'VODJE CENTRE', 352),
(3493, 'VODJE FINAGNON', 352),
(3494, 'AHOUANLEKO', 353),
(3495, 'AIBATIN DODO', 353),
(3496, 'AKOGBATO', 353),
(3497, 'CADJEHOUN AGONGA', 353),
(3498, 'CADJEHOUN AUPIAIS', 353),
(3499, 'CADJEHOUN AZALOKOGON', 353),
(3500, 'CADJEHOUN DETINSA', 353),
(3501, 'CADJEHOUN GARE', 353),
(3502, 'CADJEHOUN KPOTA', 353),
(3503, 'FIDJROSSE CENTRE', 353),
(3504, 'FIDJROSSE KPOTA', 353),
(3505, 'FIYEGNON HOUTA', 353),
(3506, 'FIYEGNON JACQUOT', 353),
(3507, 'GBODJETIN', 353),
(3508, 'HAIE VIVE', 353),
(3509, 'HLAZOUNTO', 353),
(3510, 'LES COCOTIERS', 353),
(3511, 'VODJE KPOTA', 353),
(3512, 'YEMICODJI', 353),
(3513, 'AGLA AGONGBOMEY', 354),
(3514, 'AGLA AKPLOMEY', 354),
(3515, 'AGLA FIGARO', 354),
(3516, 'AGLA LES PYLONES', 354),
(3517, 'AGLA PETIT CHATEAU', 354),
(3518, 'AGLA SUD', 354),
(3519, 'AGLAFINAFA', 354),
(3520, 'AHOGBOHOUE CITE DE L\'EXPERIENCE', 354),
(3521, 'AHOGBOHOUE CITE EUCARISTIE', 354),
(3522, 'AIBATIN KPOTA', 354),
(3523, 'CITE ADJAHA', 354),
(3524, 'GBEDEGBE', 354),
(3525, 'HOUENOUSSOU', 354),
(3526, 'MISSITE', 354),
(3527, 'ADAME', 355),
(3528, 'ADANKPOSSI', 355),
(3529, 'AGBOGBOMEY', 355),
(3530, 'AGUIDAHOUE', 355),
(3531, 'ANATOHOUE', 355),
(3532, 'AYOUCOME', 355),
(3533, 'DEKPOE', 355),
(3534, 'DEVEDODJI', 355),
(3535, 'DONON', 355),
(3536, 'GLETA', 355),
(3537, 'KODJI', 355),
(3538, 'KPODJI', 355),
(3539, 'SEVOTINOU', 355),
(3540, 'TCHICOMEY', 355),
(3541, 'TOGUIDO', 355),
(3542, 'ADHAME', 356),
(3543, 'AGBEDRANFO', 356),
(3544, 'AKONANA', 356),
(3545, 'ALLOUNKOUI', 356),
(3546, 'ATCHANNOU', 356),
(3547, 'AVEGODO', 356),
(3548, 'GOUDON', 356),
(3549, 'HOKPAME', 356),
(3550, 'HOUEGLE', 356),
(3551, 'HOUNKPON', 356),
(3552, 'KONOUHOUE', 356),
(3553, 'TADOCOME', 356),
(3554, 'TOGBLO', 356),
(3555, 'ABLOGANME', 357),
(3556, 'ADJASSINHOUN-CONDJI', 357),
(3557, 'AHOHO', 357),
(3558, 'DEVEME', 357),
(3559, 'MADEBOUI', 357),
(3560, 'ZINDONOU', 357),
(3561, 'AVEDJI', 358),
(3562, 'AZONLIHOUE', 358),
(3563, 'BOCOHOUE', 358),
(3564, 'CONDJI-AGNAME', 358),
(3565, 'DON-AGBODOUGBE', 358),
(3566, 'DON-KONDJI', 358),
(3567, 'HAHAME', 358),
(3568, 'KODJI KPONOU', 358),
(3569, 'KPINNOU', 358),
(3570, 'SAZOUEKPA', 358),
(3571, 'ADANLOKPE', 359),
(3572, 'ADJOVE', 359),
(3573, 'AGBOBADA', 359),
(3574, 'AGNIWEDJI', 359),
(3575, 'ASSEDJI-AGONSA', 359),
(3576, 'ASSEDJI-DAHO', 359),
(3577, 'ASSEKOME', 359),
(3578, 'ATCHONTOE', 359),
(3579, 'ATHIEMEGAN', 359),
(3580, 'AWAKOU', 359),
(3581, 'AWAME-AGBOVEDJI', 359),
(3582, 'AWAME-KPONOU', 359),
(3583, 'GBEDJI', 359),
(3584, 'GBEHOSSOU-KPONOU', 359),
(3585, 'KOUNDOHOUNHOUE', 359),
(3586, 'SAZUE KPOTA', 359),
(3587, 'ZOUNHOUE KPAKPASSA', 359),
(3588, 'AGBODJI', 360),
(3589, 'AGBOH', 360),
(3590, 'DJIDJOZOUN', 360),
(3591, 'HOUEGBO', 360),
(3592, 'HOUNVIATOUIN', 360),
(3593, 'KOWEHO', 360),
(3594, 'LOGLOE', 360),
(3595, 'MEDETOGBO', 360),
(3596, 'ZIZAGUE', 360),
(3597, 'ZOUNGBO-MISSION', 360),
(3598, 'AKPLENOU', 361),
(3599, 'ATOE', 361),
(3600, 'BADAZOUIN', 361),
(3601, 'GNIDONOU', 361),
(3602, 'HOMBETE', 361),
(3603, 'HONHOUI', 361),
(3604, 'KPAVE', 361),
(3605, 'KPODIN', 361),
(3606, 'MEDESSEDJI', 361),
(3607, 'MISSIAFO', 361),
(3608, 'OVOUN', 361),
(3609, 'TOWENOU', 361),
(3610, 'ZOUNGBO', 361),
(3611, 'AHLOUME', 362),
(3612, 'BOLIME', 362),
(3613, 'DJADJI', 362),
(3614, 'GBAKPODJI', 362),
(3615, 'HONTOKPOME', 362),
(3616, 'HOUEGANMEY', 362),
(3617, 'KPLATOE', 362),
(3618, 'TCHANTCHANKPO', 362),
(3619, 'ADJAME', 363),
(3620, 'AGONGOH', 363),
(3621, 'ATOHOUE', 363),
(3622, 'DAKPLA', 363),
(3623, 'DEVEDJI', 363),
(3624, 'DHODHO', 363),
(3625, 'DJOFLOUN', 363),
(3626, 'FONCOME', 363),
(3627, 'GBEDECOME', 363),
(3628, 'GBETOCOME', 363),
(3629, 'GBOZEHOUE', 363),
(3630, 'HANGNANME', 363),
(3631, 'HEGOH', 363),
(3632, 'HOUNGOH', 363),
(3633, 'HOUNVE', 363),
(3634, 'KPOTA', 363),
(3635, 'TANVE', 363),
(3636, 'YETOE', 363),
(3637, 'AKOKPONAWA', 364),
(3638, 'OUASSA-KPODJI', 364),
(3639, 'OUOCOME', 364),
(3640, 'OUSSA TOKPA', 364),
(3641, 'POSSOTOME', 364),
(3642, 'SEHOMI-DATOH', 364),
(3643, 'SEHOMI-KOGBOME', 364),
(3644, 'ZINWEGOH', 364),
(3645, 'AVEGANME', 365),
(3646, 'DJEKIAN', 365),
(3647, 'FANDIHOUIN', 365),
(3648, 'HOUANGUIA', 365),
(3649, 'HOUNGUEME', 365),
(3650, 'LONFIN', 365),
(3651, 'OZOUEDJAME', 365),
(3652, 'SINKPE-GBOLOSSOUHOUE', 365),
(3653, 'TEKOZOUIN', 365),
(3654, 'TOHOUETA', 365),
(3655, 'TOHOUETA AKLOH', 365),
(3656, 'YEGODOE', 365),
(3657, 'AGONSA', 366),
(3658, 'DADO', 366),
(3659, 'DANSATINGO', 366),
(3660, 'DOGUIA', 366),
(3661, 'GANTITOMEY', 366),
(3662, 'GBEDJI-COME', 366),
(3663, 'HINKPEME', 366),
(3664, 'KPINDJICOME', 366),
(3665, 'KPINDJIGBEDJI', 366),
(3666, 'MASSE', 366),
(3667, 'SEHOUGBATO', 366),
(3668, 'TCHANHOUE-COME', 366),
(3669, 'TOHONOU', 366),
(3670, 'TOKPOE', 366),
(3671, 'AGATOGBO', 367),
(3672, 'AHOUANDJIGO CODJI', 367),
(3673, 'COCOUCODJI', 367),
(3674, 'DOHI', 367),
(3675, 'GONGUEGBO', 367),
(3676, 'GONGUEKPE', 367),
(3677, 'GUEZIN AHOUANDJIGO', 367),
(3678, 'GUEZIN DONHUINOU', 367),
(3679, 'GUEZIN GBADOU', 367),
(3680, 'GUEZIN ZINKPANOU', 367),
(3681, 'KPETOU', 367),
(3682, 'KPETOU-GAHOUE', 367),
(3683, 'ACLOME', 368),
(3684, 'BOWE-GBEDJI', 368),
(3685, 'DEGOUE', 368),
(3686, 'GBOGUINHOUE', 368),
(3687, 'KPODJI', 368),
(3688, 'MEDEMAHOUE', 368),
(3689, 'MONGNONHOUI', 368),
(3690, 'TOKAN', 368),
(3691, 'TOSSOUHON', 368),
(3692, 'AGBLOTOME', 369),
(3693, 'HONNOUGBO', 369),
(3694, 'KPETEKAN', 369),
(3695, 'KPODJI', 369),
(3696, 'MEZINTOME', 369),
(3697, 'PEDACOME', 369),
(3698, 'TOTCHON-AGNI', 369),
(3699, 'ZOUNTA', 369),
(3700, 'DJACOTE', 370),
(3701, 'GBEDEVINOU', 370),
(3702, 'SIVAME', 370),
(3703, 'TOVE', 370),
(3704, 'AGOUTOME', 371),
(3705, 'APEHVEDJI', 371),
(3706, 'AVEDJI', 371),
(3707, 'AZANNOU', 371),
(3708, 'DEUX KILOS', 371),
(3709, 'DJACOTE', 371),
(3710, 'GADOME', 371),
(3711, 'GATIVE', 371),
(3712, 'HONGODE', 371),
(3713, 'HONVE-COME', 371),
(3714, 'HOTEL DE VILLE', 371),
(3715, 'KANDE', 371),
(3716, 'KPONGONOU', 371),
(3717, 'MAISON DES JEUNES', 371),
(3718, 'MON BERGER', 371),
(3719, 'NONGO', 371),
(3720, 'SOSSIGBE', 371),
(3721, 'SOUKPOTOME', 371),
(3722, 'ADJAHA', 372),
(3723, 'CONHO', 372),
(3724, 'COTOCOLI', 372),
(3725, 'KPOVIDJI', 372),
(3726, 'SEHO CONDJI', 372),
(3727, 'TODJONOUKOIN', 372),
(3728, 'TOKPA MONOTO', 372),
(3729, 'TOKPA-AIZO', 372),
(3730, 'AGOUE', 373),
(3731, 'AGOUE GBEDJIN', 373),
(3732, 'AYIGUINNOU', 373),
(3733, 'HILLA CONDJI', 373),
(3734, 'LOUIS CONDJI', 373),
(3735, 'MISSIHOUN CONDJI', 373),
(3736, 'NICOUE CONDJI', 373),
(3737, 'ZOGBEDJI', 373),
(3738, 'ALLONGO', 374),
(3739, 'AVLO', 374),
(3740, 'AVLO HOUTA', 374),
(3741, 'GNINHOUNTIME', 374),
(3742, 'HAKOUE', 374),
(3743, 'HEYI GBADJI', 374),
(3744, 'HOUNKOUNNOU', 374),
(3745, 'KOUETA', 374),
(3746, 'KPEKO', 374),
(3747, 'DEVIKANMEY', 375),
(3748, 'DJANGLAMEY', 375),
(3749, 'FOLLY CONDJI', 375),
(3750, 'GBEDJI', 375),
(3751, 'GOUNTOETO', 375),
(3752, 'HANMLANGNI', 375),
(3753, 'KPATCHA-CONDJI', 375),
(3754, 'TOLEBEKPA', 375),
(3755, 'TOMADJIHOUE', 375),
(3756, 'ADIMADO', 376),
(3757, 'GBEAWA', 376),
(3758, 'GBEHOUE OUATCHI', 376),
(3759, 'GBEHOUE PEDAH', 376),
(3760, 'KPABLE', 376),
(3761, 'SOHON', 376),
(3762, 'TALA', 376),
(3763, 'ZOGBEDJI', 376),
(3764, 'ADANKPE', 377),
(3765, 'ADJIGO', 377),
(3766, 'AWAME', 377),
(3767, 'BATHOTO', 377),
(3768, 'GNITO', 377),
(3769, 'SAZUE', 377),
(3770, 'VODOMEY', 377),
(3771, 'AGONNEKANMEY', 378),
(3772, 'AKODESSEWA', 378),
(3773, 'APOUTAGBO', 378),
(3774, 'EWE CONDJI', 378),
(3775, 'HEVE', 378),
(3776, 'HOUNDJOHOUNDJI', 378),
(3777, 'HOUNSOUKOE', 378),
(3778, 'ONKUIHOUE', 378),
(3779, 'SALIGATO', 378),
(3780, 'TOKLANHON', 378),
(3781, 'YODO CONDJI', 378),
(3782, 'AGUEHON', 379),
(3783, 'DAHE-AKLO', 379),
(3784, 'DAHE-GBEDJI', 379),
(3785, 'DAHE-KPODJI', 379),
(3786, 'DANHOUE', 379),
(3787, 'DJETOE', 379),
(3788, 'DJIBIO', 379),
(3789, 'GNAMAKO', 379),
(3790, 'HOUANKPA', 379),
(3791, 'HOUANKPATO', 379),
(3792, 'KPASSAKANME', 379),
(3793, 'TOHOUIN', 379),
(3794, 'ADJAME', 380),
(3795, 'ADROME GBETO', 380),
(3796, 'ADROME KPOVIDJI', 380),
(3797, 'AGONGOH', 380),
(3798, 'AHOULOUME', 380),
(3799, 'DIDONGBOGOH', 380),
(3800, 'DODJI', 380),
(3801, 'DOUTOU', 380),
(3802, 'DOUTOU-AKLOH', 380),
(3803, 'DOUTOU-FIFADJI', 380),
(3804, 'DOUTOU-HEHOUIN', 380),
(3805, 'DOUTOU-KPODJI', 380),
(3806, 'GAHOUE', 380),
(3807, 'GBAGBONOU', 380),
(3808, 'GBAHOSSOUHOUE', 380),
(3809, 'GBOHO', 380),
(3810, 'GOGOHONDJI', 380),
(3811, 'HLASSIGOUNME', 380),
(3812, 'HLASSIGOUNME-AKLOH', 380),
(3813, 'HOUNVI ATCHAGO', 380),
(3814, 'KOWENOU', 380),
(3815, 'KPANSOUINGOH', 380),
(3816, 'MAIBOUI', 380),
(3817, 'MAIBOUI-AKLOH', 380),
(3818, 'N\'KONOUHOUE', 380),
(3819, 'TOKPA', 380),
(3820, 'AGLE', 381),
(3821, 'AKLOH', 381),
(3822, 'DEVEDJI', 381),
(3823, 'GAVE', 381),
(3824, 'GNITONOU', 381),
(3825, 'KPETOU-GBADJI', 381),
(3826, 'TOGBONOU', 381),
(3827, 'DAVE', 382),
(3828, 'HECONDJI', 382),
(3829, 'HOUINGAH-HOUEGBE', 382),
(3830, 'HOUINGAH-SALAHOUE', 382),
(3831, 'MANONKPON', 382),
(3832, 'SEWACOMEY', 382),
(3833, 'TOHONOU', 382),
(3834, 'ZOUNGBONOU', 382),
(3835, 'AGONGOH', 383),
(3836, 'DINCOME', 383),
(3837, 'HOUNVI', 383),
(3838, 'KEDJI', 383),
(3839, 'KPODJI', 383),
(3840, 'TOHON', 383),
(3841, 'VEGODOE', 383),
(3842, 'ZINDJIHOUE', 383),
(3843, 'ADJIGO', 384),
(3844, 'ALLOGO', 384),
(3845, 'DANKLO', 384),
(3846, 'DRE', 384),
(3847, 'DRE-LONMNAVA', 384),
(3848, 'EKINDJI', 384),
(3849, 'GAHOUIN', 384),
(3850, 'GBADAGLI', 384),
(3851, 'GBEDJI', 384),
(3852, 'GONFIOCOMEY-NORD', 384),
(3853, 'GONFIOCOMEY-SUD', 384),
(3854, 'HINDE', 384),
(3855, 'HONNOUGBO', 384),
(3856, 'HOUETIHOUE', 384),
(3857, 'LOGOHOUE', 384),
(3858, 'LOKOHOUE', 384),
(3859, 'SEBO', 384),
(3860, 'SOHOUNME', 384),
(3861, 'ZOUNME', 384),
(3862, 'ADROGBO', 385),
(3863, 'AGAME', 385),
(3864, 'AGNIGBAVEDJI', 385),
(3865, 'AHOTISSA', 385),
(3866, 'ALIGOUDO', 385),
(3867, 'AZIZOSSA', 385),
(3868, 'GANDJAZOUNME', 385),
(3869, 'GANWOTISSA', 385),
(3870, 'KPOTA', 385),
(3871, 'TEDEADO', 385),
(3872, 'DESSA', 386),
(3873, 'HOUEDAHO', 386),
(3874, 'KESSAWE', 386),
(3875, 'LOGBO', 386),
(3876, 'SESSEHOUKANME', 386),
(3877, 'TOKPA', 386),
(3878, 'VEHA', 386),
(3879, 'ABLODE', 387),
(3880, 'ADRODJI', 387),
(3881, 'AGNITO', 387),
(3882, 'AGNITO-TCHICOMEY', 387),
(3883, 'HOUANME', 387),
(3884, 'KOUDO', 387),
(3885, 'KPLOGODOME', 387),
(3886, 'TINOU', 387),
(3887, 'TOZOUNME', 387),
(3888, 'TOZOUNME-GBEDJI', 387),
(3889, 'ADJIGO-KPODAVE', 388),
(3890, 'ADJOHOUE', 388),
(3891, 'AGONKANME', 388),
(3892, 'ATINMADO', 388),
(3893, 'DANSIHOUE', 388),
(3894, 'DJONDJI-ZOUNME', 388),
(3895, 'HLODO', 388),
(3896, 'KINWEDJI', 388),
(3897, 'LEGO', 388),
(3898, 'MEDEHOUNTA', 388),
(3899, 'MONKPA-SEDJI', 388),
(3900, 'OUEDEME-CADA', 388),
(3901, 'OUEDEME-DJANGLANME', 388),
(3902, 'SEDJE-GLETA', 388),
(3903, 'TOTINGA', 388),
(3904, 'ADJAKOMEY', 389),
(3905, 'AGNIVEDJI', 389),
(3906, 'AGONVE', 389),
(3907, 'AHOUAME', 389),
(3908, 'AKODEDJRO', 389),
(3909, 'ATIKPETA', 389),
(3910, 'DEKANME', 389),
(3911, 'DJEHADJI', 389),
(3912, 'DOUKONTA', 389),
(3913, 'FONGBA', 389),
(3914, 'GBODEDJI', 389),
(3915, 'GLO', 389),
(3916, 'GUEHOUNKON', 389),
(3917, 'GUINKOMEY', 389),
(3918, 'SAGUE', 389),
(3919, 'TAKON-ZONGO', 389),
(3920, 'TCHICOMEY', 389),
(3921, 'TODOGA', 389),
(3922, 'TOGUEME', 389),
(3923, 'TOTA-KINDJI', 389),
(3924, 'YENAWA', 389),
(3925, 'ZOUNGAME', 389),
(3926, 'ZOUNHOUE', 389),
(3927, 'AGBOMEY-TAKPLIKPO', 390),
(3928, 'AGLOGBE', 390),
(3929, 'AYIHOUNZO', 390),
(3930, 'BOKOVI-TCHAKA', 390),
(3931, 'DO-HONGLA', 390),
(3932, 'HAHAME', 390),
(3933, 'SEDJE', 390),
(3934, 'TOKOME', 390),
(3935, 'VIDJINAN', 390),
(3936, 'ADJATI-DJOGBEHOUE', 391),
(3937, 'ADJATI-VEDO', 391),
(3938, 'DJEVIE -WADON', 391),
(3939, 'DOSSOUVIE', 391),
(3940, 'GASSAKO', 391),
(3941, 'HONVIE CENTRE', 391),
(3942, 'HOUNSA-ASSIOGBOSSA', 391),
(3943, 'KPADOVIE', 391),
(3944, 'KPOVIE-GBADA', 391),
(3945, 'AGAOUGBETA', 392),
(3946, 'AGATA', 392),
(3947, 'ANAGBO', 392),
(3948, 'HEVIE-KPOTA', 392),
(3949, 'MALANHOUI', 392),
(3950, 'MALANHOUI-KPODO', 392),
(3951, 'OUEKE', 392),
(3952, 'TANME', 392),
(3953, 'YEVIE', 392),
(3954, 'ALLADAKO', 393),
(3955, 'ALLADAKO-DEGOETO', 393),
(3956, 'DJAVI', 393),
(3957, 'DJAVI-ZEBE', 393),
(3958, 'GBANGNITO', 393),
(3959, 'GBEHAMEY', 393),
(3960, 'LINDJA-DANGBO', 393),
(3961, 'MEDEDJONOU', 393),
(3962, 'MEDEDJONOU-GBEHADJI', 393),
(3963, 'SEME', 393),
(3964, 'TCHAKOU', 393),
(3965, 'ADOVIE', 394),
(3966, 'ADOVIE ALAGA', 394),
(3967, 'AHOUANDJI', 394),
(3968, 'HOUNHOUEKO', 394),
(3969, 'HOUNSINVIE', 394),
(3970, 'HOUNVE', 394),
(3971, 'SEDJE-GBETA', 394),
(3972, 'ADJINAN', 395),
(3973, 'ADJINAN-AGA', 395),
(3974, 'AGBOTO', 395),
(3975, 'DROGBO', 395),
(3976, 'HOUEGBO', 395),
(3977, 'KPOTA', 395),
(3978, 'SOTA', 395),
(3979, 'SOTA-TCHEME', 395),
(3980, 'AGBOSSA-ADJAKAHOUE', 396),
(3981, 'ALLANDOHOU', 396),
(3982, 'DEKANME', 396),
(3983, 'FONLY', 396),
(3984, 'HOUEDO-AGUE', 396),
(3985, 'HOUEDO-WO', 396),
(3986, 'HOUINSA', 396),
(3987, 'KPATINSA', 396),
(3988, 'SEKONDJI', 396),
(3989, 'SOKPETINKON', 396),
(3990, 'ABIDOMEY', 397),
(3991, 'ASSIGUI-GBONGODO', 397),
(3992, 'AWOGOUDO', 397),
(3993, 'AWONOU', 397),
(3994, 'SILIKO', 397),
(3995, 'ABEOKOUTA', 398),
(3996, 'AGUE-MILAHIN', 398),
(3997, 'AKOUEHAN-TOHOUE', 398),
(3998, 'GBADA', 398),
(3999, 'GBADA KPOTA', 398),
(4000, 'GBEDOGO-OUDANOU', 398),
(4001, 'GBEKANDJI', 398),
(4002, 'HOUEDA', 398),
(4003, 'HOUSSA', 398),
(4004, 'KADEBOU-ZOUNME', 398),
(4005, 'KLOGBOMEY', 398),
(4006, 'KPODEDJI', 398),
(4007, 'KPOTA', 398),
(4008, 'SAORO', 398),
(4009, 'SISSEKPA', 398),
(4010, 'TODE', 398),
(4011, 'AHLAN', 399),
(4012, 'DEME CENTRE', 399),
(4013, 'FANVI', 399),
(4014, 'GLA', 399),
(4015, 'AGONLIN', 400),
(4016, 'AHOUANDJANNAFON', 400),
(4017, 'DANNOU', 400),
(4018, 'DANNOU AYIDAGBEDJI', 400),
(4019, 'GANGBAN', 400),
(4020, 'GANGBAN TOGANHOUNSA', 400),
(4021, 'GBEGBESSA', 400),
(4022, 'GOGBO', 400),
(4023, 'LOWE', 400),
(4024, 'GBANNAN', 401),
(4025, 'GOUNOUHOUE', 401),
(4026, 'HLANKPA', 401),
(4027, 'KAKANITCHOE', 401),
(4028, 'KODE - AKPO', 401),
(4029, 'KODE-AGUE', 401),
(4030, 'KODE-GOUKE', 401),
(4031, 'TOGBOTA-AGUE', 402),
(4032, 'TOGBOTA-OUJRA', 402),
(4033, 'ABATO', 403),
(4034, 'AGBAKON', 403),
(4035, 'ALLANZOUNME', 403),
(4036, 'ASSROSSA', 403),
(4037, 'GOUTIN', 403),
(4038, 'HOUEKPA-KPOTA', 403),
(4039, 'KINDJI-ANAME', 403),
(4040, 'LOKOSSA', 403),
(4041, 'WADON', 403),
(4042, 'ZOUNGBOME', 403),
(4043, 'ZOUNGODO', 403),
(4044, 'AKPADON', 404),
(4045, 'BE\'MBE', 404),
(4046, 'B\'MBE AKPA', 404),
(4047, 'DJEKPE', 404),
(4048, 'GBODJE', 404),
(4049, 'GOUSSA', 404),
(4050, 'HOUINTA', 404),
(4051, 'AGBODJEDO', 405),
(4052, 'AHOLOUKOME', 405),
(4053, 'AKODJI', 405),
(4054, 'AKPAKOME', 405),
(4055, 'AKPOLOUKOME', 405),
(4056, 'DOGODO', 405),
(4057, 'SOMAYI', 405),
(4058, 'ZINVIEKOME', 405),
(4059, 'ANIVIEKOME', 406),
(4060, 'DJIGBEKOME', 406),
(4061, 'DONOUKPA', 406),
(4062, 'KINDJI', 406),
(4063, 'KINTOKOME', 406),
(4064, 'SOHEKOME', 406),
(4065, 'TRANKOME', 406),
(4066, 'WOUNDEKOME', 406),
(4067, 'AGONDOZOUN', 407),
(4068, 'AGONDOZOUN TANME', 407),
(4069, 'GOME-DOKO', 407),
(4070, 'GOME-SOTA', 407),
(4071, 'HOUNLI', 407),
(4072, 'TCHOUKOU-KPEVI', 407),
(4073, 'ZOUNDJI', 407),
(4074, 'AMOULOKO', 408),
(4075, 'ANIANLIN', 408),
(4076, 'GBAKPO-SEDJE', 408),
(4077, 'HOUEZOUNME-DAHO', 408),
(4078, 'KATAGON', 408),
(4079, 'KILITI', 408),
(4080, 'OUIYA', 408),
(4081, 'SOGBE-ALIGO', 408),
(4082, 'TCHIAN', 408),
(4083, 'TOHOUIKANME', 408),
(4084, 'TOKPA-HOUETE', 408),
(4085, 'VANTE', 408),
(4086, 'WAYI-SOGBE', 408),
(4087, 'DANTO', 409),
(4088, 'DANTO LES PALMIERS', 409),
(4089, 'GOUAKO-KOTOCLOME', 409),
(4090, 'SOHOMEY', 409),
(4091, 'VAKON-ADANHOU', 409),
(4092, 'VAKON-AGATHA', 409),
(4093, 'VAKON-ANAGO', 409),
(4094, 'VAKON-AZOHOUE', 409),
(4095, 'VAKON-GBO', 409),
(4096, 'VAKON-KPOZOUNGO', 409),
(4097, 'AHOUANDJI', 410),
(4098, 'ALLAGBA', 410),
(4099, 'HOUEZOUNME-KPEVI', 410),
(4100, 'KOUDJANNADA', 410),
(4101, 'KPANOU-KPADE', 410),
(4102, 'KPOLE', 410),
(4103, 'ZOUNGBOME', 410),
(4104, 'ZOUNGBOME KPADJRAKANME', 410),
(4105, 'ABOGOME', 411),
(4106, 'ABOGOME-HLIHOUE', 411),
(4107, 'AKPAKANME', 411),
(4108, 'AKPRO-HANZOUNME', 411),
(4109, 'AKPRO-MISSERETE', 411),
(4110, 'BLEHOUAN', 411),
(4111, 'DANME-LOKONON', 411),
(4112, 'GANMI', 411),
(4113, 'GBEDJI', 411),
(4114, 'KOUVE', 411),
(4115, 'KPOGON', 411),
(4116, 'TANME', 411),
(4117, 'MALE', 412),
(4118, 'MALE-HOUNGO', 412),
(4119, 'OUINDODJI', 412),
(4120, 'TANZOUN', 412),
(4121, 'TANZOUN BLIGUEDE', 412),
(4122, 'TCHOUKOU-DAHO', 412),
(4123, 'TODEDJI', 412),
(4124, 'TOKPA-YONHOSSOU', 412),
(4125, 'VODENOU', 412),
(4126, 'ZOUNGUE', 412),
(4127, 'AFFANDJI-TANME', 413),
(4128, 'AHOVO', 413),
(4129, 'BOKOUSSO', 413),
(4130, 'DANME-KPOSSOU', 413),
(4131, 'DJOMON', 413),
(4132, 'GBETCHOU', 413),
(4133, 'GBODJE', 413),
(4134, 'HOUELI', 413),
(4135, 'HOUNGO', 413),
(4136, 'LOTIN-GBEDJEHOUIN', 413),
(4137, 'LOTIN-GBEGODO', 413),
(4138, 'SEDJE-AHOVO', 413),
(4139, 'SEKANME', 413),
(4140, 'AGAMADIN', 414),
(4141, 'AGBOMASSE', 414),
(4142, 'GBOZOUNME', 414),
(4143, 'HOUNGON-DJINON', 414),
(4144, 'SELIGON', 414),
(4145, 'AFFOMADJE-KADA', 415),
(4146, 'GBAGLA-GANFAN', 415),
(4147, 'GBAGLA-GANFAN FLONOU', 415),
(4148, 'GBAGLA-KOKE', 415),
(4149, 'GBOHOUNGBO', 415),
(4150, 'KOUTI- LOGON', 415),
(4151, 'KOUTI-KARO', 415),
(4152, 'KOUTI-YENAWA', 415),
(4153, 'LOKO-DAVE', 415),
(4154, 'TOKPO', 415),
(4155, 'GBAKPO-ACLE', 416),
(4156, 'GBAKPO-YENOU', 416),
(4157, 'HEHOUN', 416),
(4158, 'OUANHO', 416),
(4159, 'TCHAKLA', 416),
(4160, 'DANME-TOVIHOUDJI', 417),
(4161, 'KATE-KLIKO', 417),
(4162, 'KOTAN', 417),
(4163, 'SADO', 417),
(4164, 'VAGNON', 417),
(4165, 'WAMON', 417),
(4166, 'ALAWA', 418),
(4167, 'AVALIGBO', 418),
(4168, 'DANGBODJI', 418),
(4169, 'GBEGODO', 418),
(4170, 'HOUEDAKOME', 418),
(4171, 'HOUEZE', 418),
(4172, 'HOUNDOME-ALIGO', 418),
(4173, 'KOGBOME', 418),
(4174, 'LATCHE-HOUEZOUNME', 418),
(4175, 'SEDJE', 418),
(4176, 'AFFAME-CENTRE', 419),
(4177, 'AGBOSSO', 419),
(4178, 'AGBOSSO-KOTA', 419),
(4179, 'DASSO', 419),
(4180, 'SOTA', 419),
(4181, 'WOVIME', 419),
(4182, 'ZOMAI', 419),
(4183, 'AGBOMAHAN', 420),
(4184, 'AGONHOUI', 420),
(4185, 'AGONKON', 420),
(4186, 'ATCHONSA-CENTRE', 420),
(4187, 'DOGBA', 420),
(4188, 'DOGBA-HE', 420),
(4189, 'GBOA', 420),
(4190, 'AHOUANZONME', 421),
(4191, 'ASSROSSA', 421),
(4192, 'AVLANKANME', 421),
(4193, 'DAME-WOGON', 421),
(4194, 'GNANHOUI ZOUNME', 421),
(4195, 'ABEOKOUTA', 422),
(4196, 'ADIDO', 422),
(4197, 'ALLANKPON', 422),
(4198, 'ATTANKPE', 422),
(4199, 'AZONZOUNME', 422),
(4200, 'HOUNVIGUE', 422),
(4201, 'AGBONAN', 423),
(4202, 'ATCHABITA', 423),
(4203, 'AYOGO', 423),
(4204, 'AZONGBOSSA', 423),
(4205, 'BONOU-CENTRE', 423),
(4206, 'LOKOSSA', 423),
(4207, 'OUEBOSSOU', 423),
(4208, 'SOTINKANME', 423),
(4209, 'TOVOH', 423),
(4210, 'AFFIO', 424),
(4211, 'ALIGBO', 424),
(4212, 'HOUNHOUE', 424),
(4213, 'KODEKPEME', 424),
(4214, 'TOGBOHOUNSOU', 424),
(4215, 'AGBANTA', 425),
(4216, 'ALLANWADAN', 425),
(4217, 'DANKO', 425),
(4218, 'GBEKO CENTRE', 425),
(4219, 'GBEKO DEKANGBO', 425),
(4220, 'GBEKO SIOLI', 425),
(4221, 'GBESSOUME', 425),
(4222, 'SEHO DJIGBE', 425),
(4223, 'ADJIDO', 426),
(4224, 'AGBONOU', 426),
(4225, 'AGONDO', 426),
(4226, 'AGONGUE', 426),
(4227, 'DAME', 426),
(4228, 'DEWEME-DAHO', 426),
(4229, 'HOUEDOMEY', 426),
(4230, 'SODJI', 426),
(4231, 'WOZOUNMEY', 426),
(4232, 'AKPAME', 427),
(4233, 'AKPAME VEVI', 427),
(4234, 'DJIGBE', 427),
(4235, 'DJIGBE HOUNGON', 427),
(4236, 'HONDJI', 427),
(4237, 'HOZIN', 427),
(4238, 'LAKE', 427),
(4239, 'TOKPA-KOUDJOTA', 427),
(4240, 'GLAHOUNSA', 428),
(4241, 'GLAHOUNSA SEME', 428),
(4242, 'HETIN-GLEHOUE', 428),
(4243, 'HETIN-SOTA', 428),
(4244, 'KESSOUNOU', 428),
(4245, 'KODONOU', 428),
(4246, 'AKOKPONAWA', 429),
(4247, 'FINGNINKANME', 429),
(4248, 'MITRO', 429);
INSERT INTO `neighborhoods` (`id`, `name`, `district_id`) VALUES
(4249, 'YOKON', 429),
(4250, 'ZOUNGUE', 429),
(4251, 'ZOUNGUE SAI LAGARE', 429),
(4252, 'ZOUNTA', 429),
(4253, 'DANGBO', 430),
(4254, 'DANGBO HONME', 430),
(4255, 'DOGLA', 430),
(4256, 'DOKOME', 430),
(4257, 'KE', 430),
(4258, 'MONNOTOKPA', 430),
(4259, 'TOVE', 430),
(4260, 'ACCRON-GOGANKOMEY', 431),
(4261, 'ADJEGOUNLE', 431),
(4262, 'ADOMEY', 431),
(4263, 'AHOUANTIKOMEY', 431),
(4264, 'AKPASSA ODO OBA', 431),
(4265, 'AVASSA BAGORO AGBOKOMEY', 431),
(4266, 'AYETORO', 431),
(4267, 'AYIMLONFIDE', 431),
(4268, 'DEGUEKOME', 431),
(4269, 'DOTA-ATTINGBANSA-AZONZAKOMEY', 431),
(4270, 'GANTO', 431),
(4271, 'GBASSOU-ITABODO', 431),
(4272, 'GBECON', 431),
(4273, 'GUEVIE-ZINKOMEY', 431),
(4274, 'HONDJI-HONNOU FILLA', 431),
(4275, 'HOUEGBO-HLINKOMEY', 431),
(4276, 'HOUEYOGBE-GBEDJI', 431),
(4277, 'HOUEZOUNMEY', 431),
(4278, 'IDI-ARABA', 431),
(4279, 'ILEFIE', 431),
(4280, 'KPOTA SANDODO', 431),
(4281, 'LOKOSSA', 431),
(4282, 'OGANLA-GARE-EST', 431),
(4283, 'SADOGNON-ADJEGOUNLE', 431),
(4284, 'SADOGNON-WOUSSA', 431),
(4285, 'SAGBO KOSSOUKODE', 431),
(4286, 'SOKOMEY-TOFFINKOMEY', 431),
(4287, 'TOGOH - ADANKOMEY', 431),
(4288, 'VEKPA', 431),
(4289, 'AGBOKOU AGA', 432),
(4290, 'AGBOKOU BASSODJI MAIRIE', 432),
(4291, 'AGBOKOU CENTRE SOCIAL', 432),
(4292, 'AGBOKOU ODO', 432),
(4293, 'ATTAKE OLORY-TOGBE', 432),
(4294, 'ATTAKE YIDI', 432),
(4295, 'DJEGAN DAHO', 432),
(4296, 'DONOUKIN LISSESSA', 432),
(4297, 'GBEZOUNKPA', 432),
(4298, 'GUEVIE DJEGANTO', 432),
(4299, 'HINKOUDE', 432),
(4300, 'KANDEVIE RADIO HOKON', 432),
(4301, 'KOUTONGBE', 432),
(4302, 'SEDJEKO', 432),
(4303, 'TCHINVIE', 432),
(4304, 'ZOUNKPA HOUETO', 432),
(4305, 'ADJINA NORD', 433),
(4306, 'ADJINA SUD', 433),
(4307, 'AVAKPA KPODJI', 433),
(4308, 'AVAKPA-TOKPA', 433),
(4309, 'DJASSIN  DAHO', 433),
(4310, 'DJASSIN ZOUNME', 433),
(4311, 'FOUN-FOUN DJAGUIDI', 433),
(4312, 'FOUN-FOUN GBEGO', 433),
(4313, 'FOUN-FOUN SODJI', 433),
(4314, 'FOUN-FOUN TOKPA', 433),
(4315, 'HASSOU AGUE', 433),
(4316, 'OGANLA  ATAKPAME', 433),
(4317, 'OGANLA NORD', 433),
(4318, 'OGANLA POSTE', 433),
(4319, 'OGANLA SOKE', 433),
(4320, 'OGANLA SUD', 433),
(4321, 'OUINLINDA AHOLOUKOMEY', 433),
(4322, 'OUINLINDA HOPITAL', 433),
(4323, 'ZEBOU AGA', 433),
(4324, 'ZEBOU AHOUANGBO', 433),
(4325, 'ZEBOU -ITATIGRI', 433),
(4326, 'ZEBOU -MASSE', 433),
(4327, 'ANAVIE', 434),
(4328, 'ANAVIE VOIRIE', 434),
(4329, 'DJEGAN KPEVI', 434),
(4330, 'DODJI', 434),
(4331, 'GBEDJROMEDE FUSION', 434),
(4332, 'GBODJE', 434),
(4333, 'GUEVIE', 434),
(4334, 'HLOGOU OU HLONGOU', 434),
(4335, 'HOUINME CHATEAU D\'EAU', 434),
(4336, 'HOUINME DJAGUIDI', 434),
(4337, 'HOUINME GANTO', 434),
(4338, 'HOUINME GBEDJROMEDE', 434),
(4339, 'HOUNSA', 434),
(4340, 'HOUNSOUKO', 434),
(4341, 'KANDEVIE  MISSOGBE', 434),
(4342, 'KANDEVIE OWODE', 434),
(4343, 'KPOGBONME', 434),
(4344, 'SETO - GBODJE', 434),
(4345, 'AKONABOE', 435),
(4346, 'DJLADO', 435),
(4347, 'DOWA', 435),
(4348, 'DOWA  ALIOGBOGO', 435),
(4349, 'DOWA  DEDOME', 435),
(4350, 'HOUINVIE', 435),
(4351, 'LOUHO', 435),
(4352, 'OUANDO', 435),
(4353, 'OUANDO CLEKANME', 435),
(4354, 'OUANDO KOTIN', 435),
(4355, 'TOKPOTA DADJROUGBE', 435),
(4356, 'TOKPOTA DAVO', 435),
(4357, 'TOKPOTA VEDO', 435),
(4358, 'TOKPOTA ZEBE', 435),
(4359, 'TOKPOTA ZINLIVALI', 435),
(4360, 'AGBALILAME', 436),
(4361, 'AGBLANGANDAN', 436),
(4362, 'AKPOKPOTA', 436),
(4363, 'DAVATIN', 436),
(4364, 'GBAKPODJI', 436),
(4365, 'KADJACOME', 436),
(4366, 'KPAKPAKANME', 436),
(4367, 'LOKOKOUKOUME', 436),
(4368, 'MOUDOKOME', 436),
(4369, 'SEKANDJI', 436),
(4370, 'SEKANDJI ALLAMANDOSSI', 436),
(4371, 'SEKANDJI HOUEYOGBE', 436),
(4372, 'AGONSA GBO', 437),
(4373, 'AHOLOUYEME', 437),
(4374, 'DENOU', 437),
(4375, 'DJEHO', 437),
(4376, 'GOHO', 437),
(4377, 'KETONOU', 437),
(4378, 'TORRI-AGONSA', 437),
(4379, 'AWANOU', 438),
(4380, 'DJEREGBE', 438),
(4381, 'DJEREGBE HOUELA', 438),
(4382, 'GBEHONME', 438),
(4383, 'GBOKPA', 438),
(4384, 'HOUEKE', 438),
(4385, 'HOUINTA', 438),
(4386, 'DJEFFA GLEGBONOU', 439),
(4387, 'DJEFFA HOUEDOME', 439),
(4388, 'DJEFFA HOUEDOME  GBAGO', 439),
(4389, 'DJEFFA KOWENOU', 439),
(4390, 'EKPE  WECHINDAHOME', 439),
(4391, 'EKPE GBEDJAME', 439),
(4392, 'EKPE KANHONNOU', 439),
(4393, 'EKPE-KPECOME', 439),
(4394, 'EKPE-MARINA', 439),
(4395, 'EKPE-PK10', 439),
(4396, 'EKPE-SEYIVE', 439),
(4397, 'TCHONVI', 439),
(4398, 'TCHONVI AGBOLOGOUN', 439),
(4399, 'AHLOME', 440),
(4400, 'AYOKPO', 440),
(4401, 'DJA', 440),
(4402, 'GLOGBO', 440),
(4403, 'GLOGBO PLAGE', 440),
(4404, 'HOVIDOKPO', 440),
(4405, 'KPOGUIDI', 440),
(4406, 'KRAKE-DAHO', 440),
(4407, 'TOHOUE', 440),
(4408, 'WEGBEGO-ADIEME', 440),
(4409, 'AGONGO', 441),
(4410, 'OKOUN-SEME', 441),
(4411, 'PODJI-AGUE', 441),
(4412, 'PODJI-AGUE GBAGO', 441),
(4413, 'PODJI-MISSERETE', 441),
(4414, 'SEME-PODJI', 441),
(4415, 'ADJEGOUNLE', 442),
(4416, 'ATTAN-EWE', 442),
(4417, 'ATTAN-OUIGNAN-AYETEDJOU', 442),
(4418, 'FOUDITI', 442),
(4419, 'IGBO-IROKO', 442),
(4420, 'IGBO-ORO', 442),
(4421, 'IKPINLE-ITARAKA', 442),
(4422, 'IKPINLE-SEKANME', 442),
(4423, 'IKPINLE-YENAWA', 442),
(4424, 'ILAKO-ABIALA', 442),
(4425, 'IMORO', 442),
(4426, 'ITA-BOLARINWA', 442),
(4427, 'KADJOLA', 442),
(4428, 'HOUEDAME', 443),
(4429, 'IGBO-AIDIN', 443),
(4430, 'IGBO-AKPORO', 443),
(4431, 'IGBO-IROKO', 443),
(4432, 'KPOULOU', 443),
(4433, 'KPOULOU-IDI-EKPE', 443),
(4434, 'KPOULOU-ITCHOUGAN', 443),
(4435, 'TOWI', 443),
(4436, 'TROBOSSI', 443),
(4437, 'ABADAGO', 444),
(4438, 'ADJODA', 444),
(4439, 'AYELADJOU', 444),
(4440, 'DANHIME', 444),
(4441, 'EGBE-AGBO', 444),
(4442, 'ICHOUGBO', 444),
(4443, 'IGBO-IKOKO', 444),
(4444, 'ITA AHOLOU', 444),
(4445, 'MASSE', 444),
(4446, 'MASSE-ADJEGOUNLE', 444),
(4447, 'MOWOBANI', 444),
(4448, 'OGOURO', 444),
(4449, 'OKE-OLA', 444),
(4450, 'OKO-DJEGUEDE', 444),
(4451, 'OWOCHANDE', 444),
(4452, 'TEFFI-OKEIGBALA', 444),
(4453, 'ADJELEMIDE', 445),
(4454, 'ITA-ARO', 445),
(4455, 'ITA-EGBEBI', 445),
(4456, 'ITA-EGBEBI-ALAKPAROU', 445),
(4457, 'ITA-OGOU', 445),
(4458, 'IWINKA', 445),
(4459, 'KOKOROKEHOUN', 445),
(4460, 'OBANIGBE-FOUDITI', 445),
(4461, 'OGOUKPATE', 445),
(4462, 'OKO-AKARE', 445),
(4463, 'OLOGO', 445),
(4464, 'OLOGO AKPAKPA', 445),
(4465, 'ADJAGLO', 446),
(4466, 'DJIDAGBA', 446),
(4467, 'GBANOU', 446),
(4468, 'ITCHAGBA-GBADODO', 446),
(4469, 'ITCHANGNI', 446),
(4470, 'LOGOU', 446),
(4471, 'MISSEBO', 446),
(4472, 'OLOHOUNGBODJE', 446),
(4473, 'OUIGNAN-GBADODO', 446),
(4474, 'TATONNONKON', 446),
(4475, 'TATONNONKON JARDIN', 446),
(4476, 'AFFACHA', 447),
(4477, 'AFFESSEDA', 447),
(4478, 'DAGBLA', 447),
(4479, 'DOGBO', 447),
(4480, 'EGBE', 447),
(4481, 'GBAGBATA', 447),
(4482, 'HOUELI-GABA', 447),
(4483, 'IGBA', 447),
(4484, 'ITCHEDE', 447),
(4485, 'IWOYE-OKO-IGBO', 447),
(4486, 'OBEKE-OUERE', 447),
(4487, 'OKE-ODAN', 447),
(4488, 'OKE-ODO', 447),
(4489, 'OKOFFIN', 447),
(4490, 'TOFFO', 447),
(4491, 'AKADJA', 448),
(4492, 'AKADJA-AGAMADIN', 448),
(4493, 'AKADJA-GBODJE', 448),
(4494, 'AKADJA-GOUTEDO', 448),
(4495, 'BANIGBE GARE', 448),
(4496, 'BANIGBE LOKOSSA', 448),
(4497, 'BANIGBE-NAGOT', 448),
(4498, 'DANGBAN', 448),
(4499, 'DOOKE', 448),
(4500, 'DOOKE-HANZOUME', 448),
(4501, 'DOOKE-SEDJE', 448),
(4502, 'HEGO', 448),
(4503, 'LOKOSSA-ALIHOGODO', 448),
(4504, 'LOUBE', 448),
(4505, 'SEDO', 448),
(4506, 'ADANMAYI', 449),
(4507, 'DAAGBE-DJEDJE', 449),
(4508, 'DAAGBE-NAGOT', 449),
(4509, 'DAN', 449),
(4510, 'DJEGOU-AYIDJEDO', 449),
(4511, 'DJEGOU-DJEDJE', 449),
(4512, 'DJEGOU-NAGOT', 449),
(4513, 'GBLOGBLO', 449),
(4514, 'GBLOGBLO AGBODJEDO', 449),
(4515, 'LOKO-KOUKOU', 449),
(4516, 'KITIGBO', 450),
(4517, 'KO-AGONKESSA', 450),
(4518, 'KO-AYIDJEDO', 450),
(4519, 'KO-DOGBA', 450),
(4520, 'KO-GBEGODO', 450),
(4521, 'KO-HOUEZE', 450),
(4522, 'KO-KOUMOLOU', 450),
(4523, 'KO-OGOU', 450),
(4524, 'KO-ZOUNGODO', 450),
(4525, 'HOUMBO-DJEDJE', 451),
(4526, 'HOUMBO-NAGOT', 451),
(4527, 'KOUYE', 451),
(4528, 'LAGBE', 451),
(4529, 'OKEDJERE', 451),
(4530, 'SOBE', 451),
(4531, 'SOBE-AYELAWADJE', 451),
(4532, 'SOKOU', 451),
(4533, 'SOKOU-ALIHOGBOGO', 451),
(4534, 'ZIAN', 451),
(4535, 'AGBODJEDO', 452),
(4536, 'DESSAH', 452),
(4537, 'KETOU GBECON', 452),
(4538, 'KETOUKPE', 452),
(4539, 'KO-ANAGODO', 452),
(4540, 'MONGBA', 452),
(4541, 'TAMONDO', 452),
(4542, 'TCHAADA CENTRE', 452),
(4543, 'ARAROMI', 453),
(4544, 'AYETEDJOU', 453),
(4545, 'BAODJO', 453),
(4546, 'GANMI', 453),
(4547, 'GBOKOU', 453),
(4548, 'GBOKOUTOU', 453),
(4549, 'IDI-ORO', 453),
(4550, 'IFANGNI-ODOFIN', 453),
(4551, 'IGOLO', 453),
(4552, 'IGUIGNANHOUN', 453),
(4553, 'IKO', 453),
(4554, 'ITA-ELEKPETE', 453),
(4555, 'ITA-KPAKO', 453),
(4556, 'ITA-SOUMBA', 453),
(4557, 'IYOKO', 453),
(4558, 'OKE-ODJA', 453),
(4559, 'SORI', 453),
(4560, 'ADAKPLAME', 454),
(4561, 'AGONLIN-KPAHOU', 454),
(4562, 'AGUIGADJI', 454),
(4563, 'DOGO', 454),
(4564, 'EDENOU', 454),
(4565, 'EWE', 454),
(4566, 'GBAKA-NANZE', 454),
(4567, 'KINWO', 454),
(4568, 'KOZOUNVI', 454),
(4569, 'OHIZIHAN', 454),
(4570, 'AKPAKAME', 455),
(4571, 'ALAGBE-ILLIKIMOUN', 455),
(4572, 'AWAYA', 455),
(4573, 'AYEKOTONIAN', 455),
(4574, 'EFFEOUTE', 455),
(4575, 'EMEDA-IGBOILOUKAN', 455),
(4576, 'IDIGNY', 455),
(4577, 'IDJEDJE', 455),
(4578, 'IGBO-IGANNAN', 455),
(4579, 'ILLADJI', 455),
(4580, 'ILLARA-KANGA', 455),
(4581, 'ILLECHIN', 455),
(4582, 'ILLIKIMOUN', 455),
(4583, 'ILLIKIMOUN-KOLLY', 455),
(4584, 'ISSELOU', 455),
(4585, 'IWESSOUN', 455),
(4586, 'IWOYE-BENIN', 455),
(4587, 'OBATEDO', 455),
(4588, 'OGUELETE', 455),
(4589, 'ADJOZOUNME', 456),
(4590, 'AGOZOUNME', 456),
(4591, 'AGUIDI', 456),
(4592, 'AKPAMBAOU', 456),
(4593, 'ALAKOUTA', 456),
(4594, 'AYEKOU', 456),
(4595, 'AYETEDJOU', 456),
(4596, 'GANGNIGON', 456),
(4597, 'GBEGON', 456),
(4598, 'IGBOOLA-OFIRI', 456),
(4599, 'KAJOLA', 456),
(4600, 'KPANKOU', 456),
(4601, 'MOWODANI', 456),
(4602, 'ODOKOTO', 456),
(4603, 'SODJI', 456),
(4604, 'VEDJI', 456),
(4605, 'WOROKO', 456),
(4606, 'ZOUNKPE-ETIGBO', 456),
(4607, 'ATANKA', 457),
(4608, 'ATAN-OCHOUKPA', 457),
(4609, 'BOLOROUNFE', 457),
(4610, 'IGBO-EDE', 457),
(4611, 'KEWI', 457),
(4612, 'ODOMETA', 457),
(4613, 'OLOKA', 457),
(4614, 'IDJOU', 458),
(4615, 'IKOKO', 458),
(4616, 'IMONLE-AYO', 458),
(4617, 'OFIA', 458),
(4618, 'OKPOMETA', 458),
(4619, 'OMOU', 458),
(4620, 'ASSENA', 459),
(4621, 'ATCHOUBI', 459),
(4622, 'AWAI', 459),
(4623, 'AYELAWADJE', 459),
(4624, 'DAGBANDJI', 459),
(4625, 'IDADJE', 459),
(4626, 'IDENA', 459),
(4627, 'IDJABO', 459),
(4628, 'IDOUFIN', 459),
(4629, 'IGUI-OLOU', 459),
(4630, 'INANSE', 459),
(4631, 'IRADIGBAN', 459),
(4632, 'MASSAFE', 459),
(4633, 'OBAFEMI', 459),
(4634, 'ODI-ARO', 459),
(4635, 'OGUIDIGBO', 459),
(4636, 'OKE-OLA', 459),
(4637, 'OLOROUNSHOGO', 459),
(4638, 'OSSOKODJO', 459),
(4639, 'AHOYEYE', 460),
(4640, 'AKPAMAN', 460),
(4641, 'BANIGBE', 460),
(4642, 'IDI-ORO', 460),
(4643, 'IGBIDI', 460),
(4644, 'ISSALE-IBERE', 460),
(4645, 'ITA-ADELEYE', 460),
(4646, 'OKE-ITA', 460),
(4647, 'AGBELE', 461),
(4648, 'AKPATE', 461),
(4649, 'EGUELOU', 461),
(4650, 'IGANA', 461),
(4651, 'IGBO-ASSOGBA', 461),
(4652, 'IHORO', 461),
(4653, 'ILLEMON', 461),
(4654, 'OGOUBA', 461),
(4655, 'ABBA', 462),
(4656, 'ATCHAGA', 462),
(4657, 'GBANAGO', 462),
(4658, 'IGBO-EWE', 462),
(4659, 'ILLEKPA', 462),
(4660, 'ILLOULOFIN', 462),
(4661, 'ISSABA', 462),
(4662, 'ITCHAGBA', 462),
(4663, 'ITCHAKPO', 462),
(4664, 'ITCHEDE', 462),
(4665, 'ITCHOCHE', 462),
(4666, 'IWOYE', 462),
(4667, 'KADJOLA', 462),
(4668, 'KETTY', 462),
(4669, 'ONIGBOLO', 462),
(4670, 'OUIGNAN-ILE', 462),
(4671, 'CHAFFOU', 463),
(4672, 'IBATE', 463),
(4673, 'IGA', 463),
(4674, 'IGBO-EDE', 463),
(4675, 'IGBOKOFIN-EGUELOU', 463),
(4676, 'IGBO-OCHO', 463),
(4677, 'LAFENWA', 463),
(4678, 'OTEKOTAN', 463),
(4679, 'TOWE', 463),
(4680, 'ADJEGOUNLE', 464),
(4681, 'ADJISSOU', 464),
(4682, 'AKOUHO', 464),
(4683, 'AYERE-AGBAROU', 464),
(4684, 'AYETEDJOU', 464),
(4685, 'IDOGAN', 464),
(4686, 'IGBOICHE', 464),
(4687, 'ILLOUSSA-OSSOMOU', 464),
(4688, 'ISSALE-AFFIN II', 464),
(4689, 'ISSALE-AFFIN DOUANE', 464),
(4690, 'ITA-ATINGA', 464),
(4691, 'ITCHEKO', 464),
(4692, 'MAMAGUE', 464),
(4693, 'OKE ATA', 464),
(4694, 'OKE OLA', 464),
(4695, 'POBE-NORD', 464),
(4696, 'TALALA', 464),
(4697, 'AGADA-HOUNME', 465),
(4698, 'AKPECHI', 465),
(4699, 'ASSA-GAME', 465),
(4700, 'ASSA-IDIOCHE', 465),
(4701, 'BARIGBO-OWODE', 465),
(4702, 'IBADJA SODJI', 465),
(4703, 'IDJIBORO', 465),
(4704, 'IGBO EGAN', 465),
(4705, 'IKPEDJILE', 465),
(4706, 'ILLAKO IDIORO', 465),
(4707, 'ILLORO AGUIDI', 465),
(4708, 'ILLOUGOU-KOSSOMI', 465),
(4709, 'ITA ALABE', 465),
(4710, 'ITA-AYINLA', 465),
(4711, 'KOBEDJO', 465),
(4712, 'MAKPA', 465),
(4713, 'MODOGAN', 465),
(4714, 'ADJEGOUNLE', 466),
(4715, 'ARAROMI', 466),
(4716, 'ATTAN OKOUTA-KADJOLA', 466),
(4717, 'ATTAN-ONIBEDJI', 466),
(4718, 'AYETORO OKE AWO', 466),
(4719, 'IGBA', 466),
(4720, 'IGBO-ABIKOU', 466),
(4721, 'IGBO-ASSAN', 466),
(4722, 'IGBOLA', 466),
(4723, 'ILLAKO FAADJI-ITA AKPINTY', 466),
(4724, 'IWERE', 466),
(4725, 'MAKPOHOU', 466),
(4726, 'ADJOHOUN-KOLLE', 467),
(4727, 'ADJOHOUN-KOLLEDJEDJE', 467),
(4728, 'AKADJA', 467),
(4729, 'AYIDJEDO', 467),
(4730, 'AYITA', 467),
(4731, 'DRA', 467),
(4732, 'GBAGLA NOUNAGNON', 467),
(4733, 'GBOUGBOUTA', 467),
(4734, 'HOUEGBO', 467),
(4735, 'IKEMON', 467),
(4736, 'OKE', 467),
(4737, 'TAKON CENTRE', 467),
(4738, 'ADANMAYI', 468),
(4739, 'ARAROMI', 468),
(4740, 'GBAGLA-YOVOGBEDJI', 468),
(4741, 'ILLASSO NAGOT', 468),
(4742, 'ILLASSO SAHARO', 468),
(4743, 'OKEIGBO', 468),
(4744, 'SAHARO DJEDJE', 468),
(4745, 'SAHARO NAGOT', 468),
(4746, 'SANRIN-KPINLE', 468),
(4747, 'TOTA', 468),
(4748, 'YOKO CENTRE', 468),
(4749, 'ARAROMI', 469),
(4750, 'ARIBIDESSI', 469),
(4751, 'ATTEWO LARA', 469),
(4752, 'DAGBAO', 469),
(4753, 'DEGOUN', 469),
(4754, 'DJOKO', 469),
(4755, 'GBOKOUDAI', 469),
(4756, 'IGBO-EYE', 469),
(4757, 'ITA ORO-IREDE', 469),
(4758, 'KADJOLA', 469),
(4759, 'KOLOGBO MEKE', 469),
(4760, 'KOSSI', 469),
(4761, 'MIROKO', 469),
(4762, 'MORO', 469),
(4763, 'ODANYOGOUN', 469),
(4764, 'ODELLA', 469),
(4765, 'SODJI', 469),
(4766, 'SURU LERE', 469),
(4767, 'AGONSA', 470),
(4768, 'DEGUE', 470),
(4769, 'GBOZOUNMON', 470),
(4770, 'HOUNME', 470),
(4771, 'IGBO-AKPA', 470),
(4772, 'ISSALE EKO', 470),
(4773, 'ITA GBOKOU', 470),
(4774, 'ODANREGOUN', 470),
(4775, 'WAI', 470),
(4776, 'YOGOU TOHOU', 470),
(4777, 'ZIMON', 470),
(4778, 'AKOUESSA', 471),
(4779, 'DOKON', 471),
(4780, 'GNANSATA', 471),
(4781, 'OUEME', 471),
(4782, 'SONOU AKOUTA', 471),
(4783, 'SONOU FIYE', 471),
(4784, 'ALLOMAKANME', 472),
(4785, 'DETOHOU CENTRE', 472),
(4786, 'GUEGUEZOGON', 472),
(4787, 'KODJI CENTRE', 472),
(4788, 'WO-TANGADJI', 472),
(4789, 'HOUAO', 473),
(4790, 'HOUELI', 473),
(4791, 'LELE', 473),
(4792, 'SEHOUN', 473),
(4793, 'DILIKOTCHO', 474),
(4794, 'GBEHIZANKON', 474),
(4795, 'LEGBAHOLI', 474),
(4796, 'LOKOKANME', 474),
(4797, 'ZOUNZONME', 474),
(4798, 'DJEGBE', 475),
(4799, 'DJIME', 475),
(4800, 'GBECON-HOUEGBO', 475),
(4801, 'GOHO', 475),
(4802, 'SOGBO-ALIHO', 475),
(4803, 'SOHOUE', 475),
(4804, 'TOHIZANLY', 475),
(4805, 'AGBLOME', 476),
(4806, 'AGNANGNAN', 476),
(4807, 'AZALI', 476),
(4808, 'GBEKON HOUNLI', 476),
(4809, 'VEKPA', 476),
(4810, 'WANKON', 476),
(4811, 'ZASSA', 476),
(4812, 'ADANDOKPODJI', 477),
(4813, 'AGBODJANNANGAN', 477),
(4814, 'AHOUAGA', 477),
(4815, 'DOGUEME', 477),
(4816, 'DOTA', 477),
(4817, 'HOUNTONDJI', 477),
(4818, 'SADA', 477),
(4819, 'ADANHONDJIGON', 478),
(4820, 'AZOZOUNDJI', 478),
(4821, 'GNIZINTA', 478),
(4822, 'KPATINME', 478),
(4823, 'TANGOUDO', 478),
(4824, 'ADINGNIGON', 479),
(4825, 'MAKPEHOGON', 479),
(4826, 'TOSSOTA', 479),
(4827, 'AGBIDIME', 480),
(4828, 'AHISSATOGON', 480),
(4829, 'DANLI', 480),
(4830, 'GBINDOUNME', 480),
(4831, 'WEDJE', 480),
(4832, 'AHOUAKANME', 481),
(4833, 'AKODEBAKOU', 481),
(4834, 'HAGBLADOU', 481),
(4835, 'KPOTA', 481),
(4836, 'ZOUNME', 481),
(4837, 'DILLY-FANOU', 482),
(4838, 'HOUNDO', 482),
(4839, 'LISSAZOUNME', 482),
(4840, 'MIGNONHITO', 482),
(4841, 'OUNGBENOUDO', 482),
(4842, 'SEKIDJATO', 482),
(4843, 'ZOUNGBO-GBLOME', 482),
(4844, 'ABIGO', 483),
(4845, 'FONLI', 483),
(4846, 'GBOZOUN 1', 483),
(4847, 'GBOZOUN 2', 483),
(4848, 'LOUKPE', 483),
(4849, 'SOHOUE-DOVOTA', 483),
(4850, 'ADJIDO', 484),
(4851, 'DODOME', 484),
(4852, 'HOUNTO', 484),
(4853, 'LEGO', 484),
(4854, 'DEKANME', 485),
(4855, 'GBOLI', 485),
(4856, 'HODJA', 485),
(4857, 'HOUALA', 485),
(4858, 'KPODJI', 485),
(4859, 'TANVE', 485),
(4860, 'TOWETA', 485),
(4861, 'DODJI', 486),
(4862, 'KANZOUN', 486),
(4863, 'KPOTO', 486),
(4864, 'TOKPA', 486),
(4865, 'ZOUNGOUDO', 486),
(4866, 'AGBANGNIZOUN', 487),
(4867, 'AKPEHO-DOKPA', 487),
(4868, 'AKPEHO-SEME', 487),
(4869, 'AVALI', 487),
(4870, 'AZANKPANTO', 487),
(4871, 'TANTA', 487),
(4872, 'FLELI', 488),
(4873, 'MANABOE', 488),
(4874, 'ZAKANME', 488),
(4875, 'ZOUNGOUDO', 488),
(4876, 'ADAME', 489),
(4877, 'AGBOKOU', 489),
(4878, 'AHOUADANOU', 489),
(4879, 'GBETO', 489),
(4880, 'ZOUNGOUDO', 489),
(4881, 'ZOUNZONME', 489),
(4882, 'ADAME-ADATO', 490),
(4883, 'ALIGOUDO', 490),
(4884, 'GNIDJAZOUN', 490),
(4885, 'ADAGAME-LISEZOUN', 491),
(4886, 'DAKPA', 491),
(4887, 'HOUNDON', 491),
(4888, 'LISSEZOUN', 491),
(4889, 'AHOUALI', 492),
(4890, 'ATTOGOUIN', 492),
(4891, 'OUASSAHO', 492),
(4892, 'VOLLI', 492),
(4893, 'WANGNASSA', 492),
(4894, 'ZOUNZONSA', 492),
(4895, 'DJONOUTA', 493),
(4896, 'HELOU', 493),
(4897, 'LOTCHO', 493),
(4898, 'MASSE-GBAME', 493),
(4899, 'SOKPADELLI', 493),
(4900, 'TOVIGOME', 493),
(4901, 'ATCHONME', 494),
(4902, 'SACLO-ALIKPA', 494),
(4903, 'SACLO-SOKON', 494),
(4904, 'ADANMINAKOUGON', 495),
(4905, 'ALIKPA', 495),
(4906, 'EDJEGBINMEGON', 495),
(4907, 'LOKODAVE', 495),
(4908, 'LOKOZOUN', 495),
(4909, 'MADJE', 495),
(4910, 'SODOHOME CENTRE', 495),
(4911, 'TODO', 495),
(4912, 'VEHOU', 495),
(4913, 'ZOUNKPA-AGBOTOGON', 495),
(4914, 'AGBADJAGON', 496),
(4915, 'AGBANGON', 496),
(4916, 'AGBANWEME', 496),
(4917, 'AHOUAME', 496),
(4918, 'AIWEME', 496),
(4919, 'DJESSOUHOGON', 496),
(4920, 'DJOGNANGBO', 496),
(4921, 'HEZONHO', 496),
(4922, 'HOUNDONHO', 496),
(4923, 'KPATALOCOLI', 496),
(4924, 'SEHOUEHO HOUNDONHO', 496),
(4925, 'SEME', 496),
(4926, 'ADAME-AHITO', 497),
(4927, 'AGONVEZOUN', 497),
(4928, 'AHOUAME-AHITO', 497),
(4929, 'DOKON', 497),
(4930, 'GANCON-PONSA', 497),
(4931, 'GBANHICON', 497),
(4932, 'HONMEHO', 497),
(4933, 'KODOTA', 497),
(4934, 'KPOCON', 497),
(4935, 'SILIHO', 497),
(4936, 'SOGBA', 497),
(4937, 'ZAKPO-ADAGAME', 497),
(4938, 'AGNANGAN', 498),
(4939, 'HOUNDO', 498),
(4940, 'HOUNVIGUELI', 498),
(4941, 'YENAWA', 498),
(4942, 'ZOUNGOUDO', 498),
(4943, 'AZEHOUNHOLI', 499),
(4944, 'DOME', 499),
(4945, 'VOLI', 499),
(4946, 'ZOUNSEGO', 499),
(4947, 'AHITO', 500),
(4948, 'DOME', 500),
(4949, 'HOUNHOLI', 500),
(4950, 'KPAGOUDO', 500),
(4951, 'AGBANGNANHOUE', 501),
(4952, 'AZONHOLI', 501),
(4953, 'DAHOUE', 501),
(4954, 'DAHOUIGON', 501),
(4955, 'GANDAHOGON', 501),
(4956, 'SESLAME', 501),
(4957, 'TOUE', 501),
(4958, 'ADJA', 502),
(4959, 'AGA', 502),
(4960, 'BAGON', 502),
(4961, 'DANGBEHONOU', 502),
(4962, 'DEKPADA', 502),
(4963, 'MAKPEGON', 502),
(4964, 'AGA', 503),
(4965, 'AIZONDO', 503),
(4966, 'ATTOGON', 503),
(4967, 'FINANGNON', 503),
(4968, 'HOUETON', 503),
(4969, 'HOUEYIHO', 503),
(4970, 'ABAYAHOUE', 504),
(4971, 'AGA', 504),
(4972, 'AGOSSOUHOUE', 504),
(4973, 'VEME', 504),
(4974, 'AKPATCHIHOUE', 505),
(4975, 'FONLI', 505),
(4976, 'SEKON-DJAKPA', 505),
(4977, 'ZOGOLI', 505),
(4978, 'AGBLOKPA', 506),
(4979, 'AVOKANZOUN', 506),
(4980, 'DJOHO', 506),
(4981, 'FONKPAME', 506),
(4982, 'GOUTCHON', 506),
(4983, 'SAVAKON', 506),
(4984, 'ASSAN', 507),
(4985, 'AWOTRELE', 507),
(4986, 'DENOU', 507),
(4987, 'DJREKPEDJI', 507),
(4988, 'GANGAN', 507),
(4989, 'KOUDAGBA', 507),
(4990, 'KOUEKOUEKANME', 507),
(4991, 'SANKPITI', 507),
(4992, 'TOKPE', 507),
(4993, 'ZOUNGAHOU', 507),
(4994, 'AGBOHOUTOGON', 508),
(4995, 'ASSANTOUN', 508),
(4996, 'DAANON-KPOTA', 508),
(4997, 'DAN', 508),
(4998, 'DRIDJI', 508),
(4999, 'HANAGBO', 508),
(5000, 'LALO', 508),
(5001, 'LINSINLIN', 508),
(5002, 'WOKOU', 508),
(5003, 'BOHOUE', 509),
(5004, 'DOHOUIME', 509),
(5005, 'HEVI', 509),
(5006, 'HONHOUN', 509),
(5007, 'HOUKPA', 509),
(5008, 'ZADAKON', 509),
(5009, 'AHOKANME', 510),
(5010, 'BETTA', 510),
(5011, 'BOOKOU', 510),
(5012, 'GOBAIX', 510),
(5013, 'LAGBADO', 510),
(5014, 'LAKPO', 510),
(5015, 'AKLINME', 511),
(5016, 'AMONTIKA', 511),
(5017, 'CHIE', 511),
(5018, 'HOUTO', 511),
(5019, 'KOKOROKO', 511),
(5020, 'VEVI', 511),
(5021, 'AMAKPA', 512),
(5022, 'FONKPODJI', 512),
(5023, 'GOUNOUKOUIN', 512),
(5024, 'KATAKENON (KAKA TEHOU)', 512),
(5025, 'KOHOUGON', 512),
(5026, 'KOUGBADJI', 512),
(5027, 'LOBETA', 512),
(5028, 'MONSOUROU', 512),
(5029, 'YAGBANOUGON', 512),
(5030, 'ADAME-HOUEGLO', 513),
(5031, 'KPAKPANENE', 513),
(5032, 'LELE-ADATO', 513),
(5033, 'MOUGNON-AKE', 513),
(5034, 'MOUGNON-KOSSOU', 513),
(5035, 'TOSSOTA', 513),
(5036, 'ADAME', 514),
(5037, 'AHITO', 514),
(5038, 'AIHOUIDJI', 514),
(5039, 'KINGBE', 514),
(5040, 'KPETETA', 514),
(5041, 'LOTCHO-AHOUAME', 514),
(5042, 'LOTCHO-DAHO', 514),
(5043, 'SOZOUN', 514),
(5044, 'TANNOUHO', 514),
(5045, 'GBADAGBA', 515),
(5046, 'KASSEHLO', 515),
(5047, 'MAGASSA', 515),
(5048, 'NONTCHEDIGBE', 515),
(5049, 'SALOUDJI', 515),
(5050, 'SETTO', 515),
(5051, 'TOKEGON', 515),
(5052, 'TOKOUNKOUN', 515),
(5053, 'AHOZOUN', 516),
(5054, 'AYOGBE', 516),
(5055, 'DANMLONKOU', 516),
(5056, 'ZOUNKON', 516),
(5057, 'ZOUNME', 516),
(5058, 'AGONDOKPOE', 517),
(5059, 'AGONHOHOUN', 517),
(5060, 'DJESSI', 517),
(5061, 'DJIDJA-ALIGOUDO', 517),
(5062, 'DONA', 517),
(5063, 'GBIHOUNGON', 517),
(5064, 'HOUNVI', 517),
(5065, 'KOME', 517),
(5066, 'MADJAVI', 517),
(5067, 'SAWLAKPA', 517),
(5068, 'SOVLEGNI', 517),
(5069, 'WOGBAYE', 517),
(5070, 'YE', 517),
(5071, 'ZAKAN', 517),
(5072, 'ZINKANME', 517),
(5073, 'AGONKON', 518),
(5074, 'BOSSA KPOTA', 518),
(5075, 'BOSSA TOGOUDO', 518),
(5076, 'GBOKPAGO', 518),
(5077, 'GNANLI', 518),
(5078, 'HOUANVE', 518),
(5079, 'OUSSA', 518),
(5080, 'TANNOU', 518),
(5081, 'TOZOUNGO', 518),
(5082, 'YAAGO', 518),
(5083, 'ZOUNGUE', 518),
(5084, 'ADAME', 519),
(5085, 'AHOGO', 519),
(5086, 'AIZE', 519),
(5087, 'DOLIVI', 519),
(5088, 'GAKOU', 519),
(5089, 'HINVEDO', 519),
(5090, 'HOUEDJA', 519),
(5091, 'ILAKA-OZOKPODJI', 519),
(5092, 'ODJA-IDOSSOU', 519),
(5093, 'TEVEDJI', 519),
(5094, 'AKASSA', 520),
(5095, 'ALLABANDE', 520),
(5096, 'DOKODJI', 520),
(5097, 'GANGBAN', 520),
(5098, 'HOUNNOUME', 520),
(5099, 'KOLLY-HOUSSA', 520),
(5100, 'MIDJANNANGNAN', 520),
(5101, 'ADOGON', 521),
(5102, 'AHICON', 521),
(5103, 'AKANTE ZALOKO', 521),
(5104, 'AKANTE ZOUNGO', 521),
(5105, 'GANHOUNME', 521),
(5106, 'HOLLI', 521),
(5107, 'HOUAIDJA', 521),
(5108, 'KINSODJI', 521),
(5109, 'MANFOUGBON', 521),
(5110, 'MONZOUNGOUDO', 521),
(5111, 'OUOKON-AHLAN', 521),
(5112, 'OUOKON-ZOUNGOME', 521),
(5113, 'AYOGO', 522),
(5114, 'BAME', 522),
(5115, 'DOHOUNME', 522),
(5116, 'HOUEGBO-AGA', 522),
(5117, 'HOUEGBO-DO', 522),
(5118, 'ZOUNGO-WOKPA', 522),
(5119, 'AGBLADOHO', 523),
(5120, 'AKOHAGON', 523),
(5121, 'ASSIANGBOME', 523),
(5122, 'GBATEZOUNME', 523),
(5123, 'GBONOU', 523),
(5124, 'MASSAGBO', 523),
(5125, 'N\'DOKPO', 523),
(5126, 'SOWE', 523),
(5127, 'ZINGON', 523),
(5128, 'DON-ALIHO', 524),
(5129, 'DON-TOHOME', 524),
(5130, 'GOBLIDJI', 524),
(5131, 'TAN-ADJA', 524),
(5132, 'TAN-HOUEGBO', 524),
(5133, 'DIZIGO', 525),
(5134, 'DOVE', 525),
(5135, 'KLOBO', 525),
(5136, 'LEGBADO', 525),
(5137, 'SAGBOVI', 525),
(5138, 'VODO', 525),
(5139, 'ZOUNNOU', 525),
(5140, 'AGONGBODJI', 526),
(5141, 'AGONVE', 526),
(5142, 'AHLAN', 526),
(5143, 'AZAKPA', 526),
(5144, 'KPOTO', 526),
(5145, 'LOKO-ALANKPE', 526),
(5146, 'WOMETO', 526),
(5147, 'ZANTAN-IGBO-OLA', 526),
(5148, 'DOGA-AGA', 527),
(5149, 'DOGA-ALIKON', 527),
(5150, 'DOGA-DOME', 527),
(5151, 'KINGON', 527),
(5152, 'TOKPLEGBE', 527),
(5153, 'ZAGNANADO', 527),
(5154, 'ZONMON', 527),
(5155, 'ZOUNGOUDO', 527),
(5156, 'ALLAHE', 528),
(5157, 'AMLIHOHOUE-JARDIN', 528),
(5158, 'DANGBEGON', 528),
(5159, 'DOGBANLIN', 528),
(5160, 'GANHOUA', 528),
(5161, 'HEHOUNLI', 528),
(5162, 'ZA-HLA', 528),
(5163, 'ADJOKAN', 529),
(5164, 'AKADJAME', 529),
(5165, 'ASSANLIN', 529),
(5166, 'KPOLOKOE', 529),
(5167, 'SOWEKPA', 529),
(5168, 'ZOUNZONME', 529),
(5169, 'ADAME', 530),
(5170, 'AKETEKPA', 530),
(5171, 'FOLLY', 530),
(5172, 'HOUNGOME', 530),
(5173, 'KOGUEDE', 530),
(5174, 'KPOKPOE', 530),
(5175, 'AFFOSSOWOGBA', 531),
(5176, 'DAVEGO', 531),
(5177, 'DRAME', 531),
(5178, 'KPAKPAME', 531),
(5179, 'MLINKPIN-GUINGNIN', 531),
(5180, 'SOME', 531),
(5181, 'TANGBE', 531),
(5182, 'TOGADJI', 531),
(5183, 'ADOVI', 532),
(5184, 'AHOSSOUGON', 532),
(5185, 'AITEDEKPA', 532),
(5186, 'DOTAN', 532),
(5187, 'HOUANGON', 532),
(5188, 'KPAKPASSA', 532),
(5189, 'LOKOLI', 532),
(5190, 'LONTONKPA', 532),
(5191, 'YADIN', 532),
(5192, 'ZOUNGOUDO', 532),
(5193, 'ADIKOGON', 533),
(5194, 'AGBAKOU', 533),
(5195, 'AGONDOKPOE', 533),
(5196, 'AGONKANME', 533),
(5197, 'ALLIGOUDO', 533),
(5198, 'DOUTIN', 533),
(5199, 'HOUANLIKPA', 533),
(5200, 'KEOU', 533),
(5201, 'SOHOUNGO', 533),
(5202, 'TANTA', 533),
(5203, 'YOHOUE', 533),
(5204, 'ZA-AGA', 533),
(5205, 'ADAWEME', 534),
(5206, 'ADJOKO', 534),
(5207, 'AGONGBO', 534),
(5208, 'DANTOTA', 534),
(5209, 'ZEKO', 534),
(5210, 'ADJIDO', 535),
(5211, 'AGBOGBOMEY', 535),
(5212, 'AGBOKPA', 535),
(5213, 'DETEKPA', 535),
(5214, 'DJOITIN', 535),
(5215, 'DOKPA', 535),
(5216, 'GNADOKPA', 535),
(5217, 'HOUKANME', 535),
(5218, 'KEMONDJI', 535),
(5219, 'KODOTA', 535),
(5220, 'SOGBELANKOU', 535),
(5221, 'SOHOUNTA', 535),
(5222, 'ZA-KEKERE', 535),
(5223, 'ZA-KPOTA', 535),
(5224, 'ZA-ZOUNME', 535),
(5225, 'AKIZA', 536),
(5226, 'DENOU-LISSEZIN', 536),
(5227, 'DJIHIZIDE', 536),
(5228, 'DON-AGONLIN', 536),
(5229, 'DON-AKADJAME', 536),
(5230, 'GOME', 536),
(5231, 'GUEME', 536),
(5232, 'SEME', 536),
(5233, 'TOGBIN', 536),
(5234, 'TOVLAME', 536),
(5235, 'ALLADAHO', 537),
(5236, 'AVAVI', 537),
(5237, 'AVLAME', 537),
(5238, 'KOTOKPA', 537),
(5239, 'SAMIONKPA', 537),
(5240, 'TOHOMEY', 537),
(5241, 'YOKON', 537),
(5242, 'DEGUELI', 538),
(5243, 'DODOME', 538),
(5244, 'DOGOUDO', 538),
(5245, 'GANDJEKPINDJI', 538),
(5246, 'GBAME', 538),
(5247, 'KPOTA', 538),
(5248, 'MALE', 538),
(5249, 'AGOUNA', 539),
(5250, 'DOHOUNVE', 539),
(5251, 'GBANGNANME', 539),
(5252, 'HADAGON', 539),
(5253, 'ZOUNGBO-BOGON', 539),
(5254, 'ZOUNGBO-ZOUNME', 539),
(5255, 'AGA', 540),
(5256, 'AGOITA', 540),
(5257, 'BOLAME', 540),
(5258, 'DOME', 540),
(5259, 'DOME-GO', 540),
(5260, 'GBAFFO', 540),
(5261, 'GOHISSANOU', 540),
(5262, 'KESSEDJOGON', 540),
(5263, 'DEME', 541),
(5264, 'KOUSSOUKPA', 541),
(5265, 'LOKOLI', 541),
(5266, 'SAMIONTA', 541),
(5267, 'TCHIHEIGON', 541),
(5268, 'AHOUANDJITOME', 542),
(5269, 'AVANNANKANME', 542),
(5270, 'DEHOUNTA', 542),
(5271, 'DOGO', 542),
(5272, 'GBEDIN', 542),
(5273, 'HINZOUNME', 542),
(5274, 'KPOKISSA', 542),
(5275, 'HLAGBA-DENOU', 543),
(5276, 'HLAGBA-DENOU ATCHA', 543),
(5277, 'HLAGBA-LONME', 543),
(5278, 'HLAGBA-OUASSA', 543),
(5279, 'HLAGBA-ZAKPO', 543),
(5280, 'HON', 543),
(5281, 'MASSI', 543),
(5282, 'MASSI ALLIGOUDO', 543),
(5283, 'ZALIMEY', 543),
(5284, 'ZOUNGOUDO', 543),
(5285, 'AGADJALIGBO', 544),
(5286, 'AGBLATA', 544),
(5287, 'DON-ZOUKOUTOUDJA', 544),
(5288, 'OUASSA', 544),
(5289, 'TANWE-HESSOU', 544),
(5290, 'TEGON', 544),
(5291, 'TOWE', 544),
(5292, 'AGRIMEY', 545),
(5293, 'BOGNONGNON', 545),
(5294, 'DOHOUE', 545),
(5295, 'HLANHONOU', 545),
(5296, 'KOTO', 545),
(5297, 'ZOUKOU', 545),
(5298, 'AHOUNDOME', 546),
(5299, 'ATCHIA', 546),
(5300, 'DOVOGON', 546),
(5301, 'HAYA', 546),
(5302, 'ZADO-ADAGON', 546),
(5303, 'ZADO-GAGBE', 546),
(5304, 'ZOGBODOMEY', 546);

-- --------------------------------------------------------

--
-- Table structure for table `towns`
--

CREATE TABLE `towns` (
  `id` int UNSIGNED NOT NULL,
  `name` varchar(255) NOT NULL,
  `department_id` int UNSIGNED NOT NULL
) ENGINE=InnoDB DEFAULT CHARSET=utf8mb4 COLLATE=utf8mb4_0900_ai_ci;

--
-- Dumping data for table `towns`
--

INSERT INTO `towns` (`id`, `name`, `department_id`) VALUES
(1, 'BANIKOARA', 1),
(2, 'GOGOUNOU', 1),
(3, 'KANDI', 1),
(4, 'KARIMAMA', 1),
(5, 'MALANVILLE', 1),
(6, 'SEGBANA', 1),
(7, 'BOUKOUMBE', 2),
(8, 'COBLY', 2),
(9, 'KEROU', 2),
(10, 'KOUANDE', 2),
(11, 'MATERI', 2),
(12, 'NATITINGOU', 2),
(13, 'OUASSA-PEHUNCO', 2),
(14, 'TANGUIETA', 2),
(15, 'TOUKOUNTOUNA', 2),
(16, 'ABOMEY-CALAVI', 3),
(17, 'ALLADA', 3),
(18, 'KPOMASSE', 3),
(19, 'OUIDAH', 3),
(20, 'SO-AVA', 3),
(21, 'TOFFO', 3),
(22, 'TORI-BOSSITO', 3),
(23, 'ZE', 3),
(24, 'BEMBEREKE', 4),
(25, 'KALALE', 4),
(26, 'N\'DALI', 4),
(27, 'NIKKI', 4),
(28, 'PARAKOU', 4),
(29, 'PERERE', 4),
(30, 'SINENDE', 4),
(31, 'TCHAOUROU', 4),
(32, 'BANTE', 5),
(33, 'DASSA-ZOUME', 5),
(34, 'GLAZOUE', 5),
(35, 'OUESSE', 5),
(36, 'SAVALOU', 5),
(37, 'SAVE', 5),
(38, 'APLAHOUE', 6),
(39, 'DJAKOTOMEY', 6),
(40, 'DOGBO', 6),
(41, 'KLOUEKANMEY', 6),
(42, 'LALO', 6),
(43, 'TOVIKLIN', 6),
(44, 'BASSILA', 7),
(45, 'COPARGO', 7),
(46, 'DJOUGOU', 7),
(47, 'OUAKE', 7),
(48, 'COTONOU', 8),
(49, 'ATHIEME', 9),
(50, 'BOPA', 9),
(51, 'COME', 9),
(52, 'GRAND-POPO', 9),
(53, 'HOUEYOGBE', 9),
(54, 'LOKOSSA', 9),
(55, 'ADJARRA', 10),
(56, 'ADJOHOUN', 10),
(57, 'AGUEGUES', 10),
(58, 'AKPRO-MISSERETE', 10),
(59, 'AVRANKOU', 10),
(60, 'BONOU', 10),
(61, 'DANGBO', 10),
(62, 'PORTO-NOVO', 10),
(63, 'SEME-PODJI', 10),
(64, 'ADJA-OUERE', 11),
(65, 'IFANGNI', 11),
(66, 'KETOU', 11),
(67, 'POBE', 11),
(68, 'SAKETE', 11),
(69, 'ABOMEY', 12),
(70, 'AGBANGNIZOUN', 12),
(71, 'BOHICON', 12),
(72, 'COVE', 12),
(73, 'DJIDJA', 12),
(74, 'OUINHI', 12),
(75, 'ZAGNANADO', 12),
(76, 'ZA-KPOTA', 12),
(77, 'ZOGBODOMEY', 12);

--
-- Indexes for dumped tables
--

--
-- Indexes for table `departments`
--
ALTER TABLE `departments`
  ADD PRIMARY KEY (`id`);

--
-- Indexes for table `districts`
--
ALTER TABLE `districts`
  ADD PRIMARY KEY (`id`);

--
-- Indexes for table `neighborhoods`
--
ALTER TABLE `neighborhoods`
  ADD PRIMARY KEY (`id`);

--
-- Indexes for table `towns`
--
ALTER TABLE `towns`
  ADD PRIMARY KEY (`id`);

--
-- AUTO_INCREMENT for dumped tables
--

--
-- AUTO_INCREMENT for table `departments`
--
ALTER TABLE `departments`
  MODIFY `id` int UNSIGNED NOT NULL AUTO_INCREMENT, AUTO_INCREMENT=13;

--
-- AUTO_INCREMENT for table `districts`
--
ALTER TABLE `districts`
  MODIFY `id` int UNSIGNED NOT NULL AUTO_INCREMENT, AUTO_INCREMENT=547;

--
-- AUTO_INCREMENT for table `neighborhoods`
--
ALTER TABLE `neighborhoods`
  MODIFY `id` int UNSIGNED NOT NULL AUTO_INCREMENT, AUTO_INCREMENT=5305;

--
-- AUTO_INCREMENT for table `towns`
--
ALTER TABLE `towns`
  MODIFY `id` int UNSIGNED NOT NULL AUTO_INCREMENT, AUTO_INCREMENT=78;
COMMIT;

/*!40101 SET CHARACTER_SET_CLIENT=@OLD_CHARACTER_SET_CLIENT */;
/*!40101 SET CHARACTER_SET_RESULTS=@OLD_CHARACTER_SET_RESULTS */;
/*!40101 SET COLLATION_CONNECTION=@OLD_COLLATION_CONNECTION */;
